商品编码,平台ID,商品id,商品型号,商品名字,商品分类,商品链接,平台,店铺名称,服务别名,产地,使用方式,颜色分类,能效等级,排水方式,控制方式,开合方式,产品类型,电机类型,显示屏类型,毛重,机器尺寸,净重,上市时间,烘干方式,烘干公斤量,洗涤公斤量,包装尺寸,烘干功率,建议摆放尺寸,洗衣液容量,柔顺剂容量,内筒,耗水,耗电,洗净比,最高脱水转速,洗涤噪音,脱水噪音,烘干噪音,工作水压,电源线长度,进水管长度,排水管长度,水龙头类型,控制面板程序,APP程序,面板操作流程,标配,洗烘程序时间,洗涤程序时间,烘干程序时间,APP远程预约,桶自洁,小件程序时长,运行提示音,智能投放量,干衣度,浸泡功能,烘干时长,UVC紫外线除菌,多维除菌作用,多维除菌程序,内筒照明,断电记忆,童锁功能,中途添衣,紧急开门,机门锁定/解锁,额定洗涤输入功率,额定脱水输入功率,额定加热输入功率,防水等级,烘干类型,颜色分类(销售属性),自清洁需要用水量,墙边漏扫,工作噪音,电源线,Wi-Fi连接,机身尺寸,整体高度,刷头尺寸,地板刷尺寸,床刷尺寸,缝隙刷尺寸,延长杆长度,充电座尺寸,洗地风机电功率,吸尘风机电功率,最大吸力,吸尘工作噪音,滚刷自清洁率,烘干效率,重量,清水箱容量,污水箱容量,尘桶容量,电池容量,充电时长,充电功率,清水箱续航,污水箱续航,耗电量,电池续航,吸尘续航,插头类型,可清理垃圾,不可清理垃圾,助力方式,贴边,风机转速,滚刷方式,清洁模式,自清洁,烘干模式,智能屏幕显示,智能污渍检测,智能化体验,固件升级,吸尘模式,设备共享,自清洁模式选择,洗地设置,烘干模式选择,基座设置,智能定时洗烘,直立解锁自动运行,勿扰模式,刷头探照灯,语音及音量,部件与耗材,产品信息,机身维护,吸尘组件维护,"耗材
更换周期",整机质保,风机质保,耗材质保,主机额定功率,额定输入功率（热水洗布）,额定输入功率（充电 + 烘干状态）,充电座额定功率,额定输入,洗地机类型,品牌,版本,产品重量,产品毛重,上下水套件额定功率,额定输入(电压),额定输入功率（集尘状态）,最大进水压力,热水洗布,动态复洗拖布,耗材更换周期,如何关闭/开启语音助手,吸力大小,导航类型,机载水箱容量,地毯模式,是否支持自动集尘,基座水箱容量,清洁液储存盒,套餐类型,整体尺寸,水箱续航,机载尘盒容量,尘袋容量,标配清单,支持APP,回洗方式,清洗模式,热水洗布.1,集尘模式,集尘频率,烘干温度,扫拖模式,充电模式,是否有定时预约功能,最大噪音,拖地方式,适用面积,电器基站功能,避障方式,软件算法,是否支持上下水,最高高度,水箱类型,是否支持烘干,悬崖传感器,升降模组,扫地机类型,采购地,型号,附加功能,实时视频,质保年限,是否带遥控器,生产企业,主刷转速,有无虚拟墙,电源线长,是否支持银离子抑菌,功能,清扫模式,有无地毯自动增压模式,清扫路线,是否支持自动回洗拖布,保修期
701135838300,701135838300,701135838300,h1,石头12公斤分子筛洗烘一体H1家用烘干全自动滚筒洗衣机大容量除菌,洗衣机,https://detail.tmall.com/item.htm?id=701135838300&spm=a21dvs.23580594.0.0.621e3d0dWCSiVf,淘宝,石头电器旗舰店,,中国大陆,全自动,太空灰、冰川白,一级,上排水,电脑式,前开式,洗烘一体机,直驱变频电机,触摸屏,约89kg,"595*660*850mm(含门）
595*1133*850mm（打开门）",约83kg,2023-02-01 00:00:00,分子筛,7kg，特定程序如，羊毛洗烘&真丝洗烘推荐1kg及以下，空气洗推荐3kg及以下,12kg,700×760×950mm,1500W,如您有嵌入式安装需求，柜子预留尺寸至少为：顶部+25mm，侧面+25mm，前部+550mm，后部+50mm,580ml,420ml,内筒容量72L ，筒的直径是510mm,62L/cycle,洗涤耗电量（0.98kwh/cycle）大概一个洗涤周期是0.98度电,洗净比：1.10,1400（r/min）,≤48dB,≤68dB,≤60dB,0.03Mpa-1.0Mpa,"总长1.8m,外露部分1.5m",1.2m,排水管总长2.3m，机箱外长度1.1m,4分或6分的外螺纹龙头,12种,13种,"①选择模式：洗烘/洗涤/烘干
②选定程序：标准/快速等
③调节程序状态：干衣度/转速/漂洗次数/温度
④启动程序","主机*1
配件：说明书*1、带转接头进水管*1、运输螺栓孔盖*4",默认设置下，标准模式洗烘预计2小时33分钟（水温30度，漂洗2次，甩干转速1400转，干衣度普通）；快速模式洗烘预计1小时（水温常温，漂洗2次，甩干转速1200转，干衣度普通）,默认设置下，标准模式洗涤预计49分钟（水温30度，漂洗2次，甩干转速1000转）；快速模式洗涤预计15分钟（水温常温，漂洗2次，甩干转速800转）,默认设置下，标准模式烘干预计1小时37分钟（干衣度普通）；快速模式烘干预计1小时20分钟（干衣度普通）,可预约洗烘/洗涤/烘干，选择开始时间，页面端会告知预计结束时间；24小时内，以30分钟为单位,可点击打开筒自洁功能：将水加热至高温，用水流高速冲刷桶壁，达到高温杀菌去污渍的效果，可保持筒内洁净健康的洗衣环境。建议每清洗30次运行一次筒自洁,,,默认标准，可调整为少量，标准，多量,"微干，烘干后的衣物略带水分，适合熨烫定型
普通，烘干后的衣物干燥亲肤，适合烘后即穿
超干，烘干后的衣物彻底干爽，适合叠放储藏",,根据衣物重量和烘干过程中衣物的含水量判断烘干时间的，烘干时间约为1-4h不等,,"H1拥有五大权威健康认证，很适合有宝宝或养宠家庭！
除菌率99.99%（如大肠杆菌、黄金色葡萄球菌、白色念珠菌）
除病毒率99.99%（如冠状病毒Hco-V229E、甲型流感病毒H1N1）
除螨虫、灰尘率100%
除过敏原率99%（如尘螨、狗皮屑、猫皮屑）
除异味（如烟味、火锅味）","【空气洗程序】筒内360°循环热风，可有效祛除火锅味及烟味。
【除菌螨程序】60℃水温的洗涤模式下，可以去除螨虫，洗烘/烘干模式下，可以除菌。同时可以除去甲型流感HINI和冠状病毒229e。
【防过敏程序】有效去除过敏源（尘螨、猫、狗皮屑），减少过敏，为肌肤敏感人群而设，尤其是老人及儿童。
【筒自洁程序】洗衣机将筒内洗涤水温加热至60/90℃（默认60℃），利用洗衣机的高速运转带动水流360°旋转将污垢冲刷掉，深度清除污垢和杀菌。",洗衣机运行中，轻触屏幕常亮程序按键，筒灯自动点亮，满足夜晚洗衣的照明需求,断电之后继续洗涤，还会延续之前的程序模式,运行状态下，长按温度+漂洗3秒，开启/关闭,洗衣机运行中，短按开始/暂停键，可添加漏洗衣物，此功能仅在水温低于50℃、水位低于门观察窗、非烘干状态下可用。,紧急情况下可拉开紧急开门拉环，门开启后使拉环复位（紧急拉环在机器右下侧，正常洗涤过程中禁止使用紧急开门拉环，且开门前请确认水已排出，小心高温烫伤）,"洗衣程序开启后,机门自动锁定,门锁指示灯常亮，洗衣程序被暂停/结束满足开门条件门锁自动解除，门锁指示灯熄灭。运行中水位或温度较高时不支持解锁。如需开门，可启用“紧急开门""",200W,600W,1650W,IPX4,,,,,,,,,,,,,,,,,,,,,,,,,,,,,,,,,,,,,,,,,,,,,,,,,,,,,,,,,,,,,,,,,,,,,,,,,,,,,,,,,,,,,,,,,,,,,,,,,,,,,,,,,,,,,,,,,,,,,,,,,,,,,,,,,,,,,,,,,
735903284970,735903284970,735903284970,h1neo,【新品】石头分子筛12KG洗烘一体家用全自动滚筒洗衣机H1Neo 除菌,洗衣机,https://detail.tmall.com/item.htm?id=735903284970&spm=a21dvs.23580594.0.0.621e3d0dWCSiVf,淘宝,石头电器旗舰店,,中国大陆,全自动,太空灰、冰川白,一级,上排水,电脑式,前开式,洗烘一体机,直驱变频电机,LED,约87kg,595x682x850mm,约81kg,2023-09-01 00:00:00,分子筛,7kg,12kg,700x760x950mm,1500W,,580ml,420ml,内筒容量72L ，筒的直径是510mm,62L/cycle,洗涤耗电量（0.98kwh/cycle）大概一个洗涤周期是0.98度电,洗净比：1.10,1200（r/min）,≤48dB,≤68dB,≤60dB,0.03MPa-1.0MPa,长度1.8米，外露部分1.5米,1.2m,排水管总长2.3m，机箱外长度1.1m,4分或6分的外螺纹龙头,12种,13种,"①选定程序：标准/快速等
②选择模式：洗烘/洗涤/烘干
③调节程序状态：干衣度/转速/漂洗次数/温度
④启动程序","主机*1
配件：说明书*1、带转接头进水管*1、运输螺栓孔盖*4",默认设置下，标准模式洗烘预计2小时47分钟（水温40度，漂洗2次，甩干转速1200转，干衣度普通）；快速模式洗烘预计1小时40分钟（水温常温，漂洗2次，甩干转速1200转，干衣度普通）,默认设置下，标准模式洗涤预计63分钟（水温40度，漂洗2次，甩干转速1000转）；快速模式洗涤预计16分钟（水温常温，漂洗2次，甩干转速800转）,默认设置下，标准模式烘干预计1小时37分钟（干衣度普通）；快速模式烘干预计1小时20分钟（干衣度普通）,可预约洗烘/洗涤/烘干，选择开始时间，页面端会告知预计结束时间；24小时内，以30分钟为单位,可点击打开筒自洁功能：将水加热至高温，用水流高速冲刷桶壁，达到高温杀菌去污渍的效果，可保持筒内洁净健康的洗衣环境。建议每清洗30次运行一次筒自洁,,可开启/关闭：包含开机，触摸，清洗完成等提示音,默认标准，可调整为少量，标准，多量,"微干，烘干后的衣物略带水分，适合熨烫定型
普通，烘干后的衣物干燥亲肤，适合烘后即穿
超干，烘干后的衣物彻底干爽，适合叠放储藏",,根据衣物重量和烘干过程中衣物的含水量判断烘干时间的，烘干时间约为1-4h不等,,"H1Neo拥有五大权威健康认证，很适合有宝宝或养宠家庭！
除菌率99.99%（如大肠杆菌、黄金色葡萄球菌、白色念珠菌）
除病毒率99.99%（如冠状病毒Hco-V229E、甲型流感病毒H1N1）
除螨虫、灰尘率100%
除过敏原率99%（如尘螨、狗皮屑、猫皮屑）
除异味（如烟味、火锅味）","【空气洗程序】筒内360°循环热风，可有效祛除火锅味及烟味。
【除菌螨程序】60℃水温的洗涤模式下，可以去除螨虫，洗烘/烘干模式下，可以除菌。同时可以除去甲型流感HINI和冠状病毒229e。
【防过敏程序】有效去除过敏源（尘螨、猫、狗皮屑），减少过敏，为肌肤敏感人群而设，尤其是老人及儿童。
【筒自洁程序】洗衣机将筒内洗涤水温加热至60/90℃（默认60℃），利用洗衣机的高速运转带动水流360°旋转将污垢冲刷掉，深度清除污垢和杀菌。",洗衣机运行中，轻触屏幕常亮程序按键，筒灯自动点亮，满足夜晚洗衣的照明需求,断电之后继续洗涤，还会延续之前的程序模式,运行状态下，长按温度3秒，开启/关闭,洗衣机运行中，短按启动/暂停键，可添加漏洗衣物，此功能仅在水温低于50℃、水位低于门观察窗、非烘干状态下可用。,紧急情况下可拉开紧急开门拉环，门开启后使拉环复位（紧急拉环在机器右下侧，正常洗涤过程中禁止使用紧急开门拉环，且开门前请确认水已排出，小心高温烫伤）,,200W,600W,1650W,IPX4,,,,,,,,,,,,,,,,,,,,,,,,,,,,,,,,,,,,,,,,,,,,,,,,,,,,,,,,,,,,,,,,,,,,,,,,,,,,,,,,,,,,,,,,,,,,,,,,,,,,,,,,,,,,,,,,,,,,,,,,,,,,,,,,,,,,,,,,,
739010441482,739010441482,739010441482,m1,【新品】石头1kg内衣裤迷你分子筛洗烘一体全自动滚筒洗衣机M1,洗衣机,https://detail.tmall.com/item.htm?id=739010441482&spm=a21dvs.23580594.0.0.621e3d0dWCSiVf,淘宝,石头电器旗舰店,,中国大陆,全自动,星月金、星月银,一级,上排水,电脑式,前开式,迷你洗衣机,直驱变频电机,触摸屏,27.5kg,428x471x512mm,23kg,2023-09-01 00:00:00,分子筛,0.5kg,1kg,545*585*627mm,500W,如您有嵌入式安装需求，柜子预留最优尺寸为：顶部+20mm，侧面+10mm，后部+60mm，机器距台面前边缘+10mm,270ml,,内筒容量8.5L ，筒的直径是240mm,使用【内裤】程序，洗涤4-5次，大约耗水15L。,使用【内裤】程序，洗涤4-5次，大约消耗1度电。,洗净比：1.159,1000（r/min）,≤45dB,≤51dB,≤56dB,0.1Mpa-1.0Mpa,外露部分1.5米，内销3插,1.2m,总长1.6m,4分外螺纹龙头,9种,11种,"①选择模式：洗烘/洗涤/烘干
②选定程序：混合/快速/自定义等
③调节程序状态：转速/漂洗次数/温度
④启动程序","主机、进水管（一头4分，一头6分）、运输螺栓孔塞*2、排水管、底脚调节扳手、运输螺栓扳手、
带转接头进水三通（4转6转接头、6分转快插接头）、排水三通、说明书、开箱卡片",默认设置下，混合模式洗烘预计2小时15分钟（水温40度，漂洗2次，甩干转速1000转）；快速模式洗烘预计1小时25分钟（水温30度，漂洗1次，甩干转速1000转）,默认设置下，混合模式洗涤预计51分钟（水温40度，漂洗2次，甩干转速1000转）；快速模式洗涤预计31分钟（水温30度，漂洗1次，甩干转速1000转）,默认设置下，混合模式烘干预计1小时31分钟；快速模式烘干预计1小时1分钟,可预约洗烘/洗涤/烘干，选择开始时间，页面端会告知预计结束时间；24小时内，以30分钟为单位,可点击打开筒自洁功能：将水加热至高温，用水流高速冲刷桶壁，达到高温杀菌去污渍的效果，可保持筒内洁净健康的洗衣环境。建议每清洗30次运行一次筒自洁,洗涤时长约15min，洗烘时长约为45min,,默认标准，可调整为关闭、少量、标准、多量,,首页位置可选，默认不浸泡。可选时长0、5、10、15、20分钟,根据衣物重量和烘干过程中衣物的含水量判断烘干时间的，烘干时间约为1-3h不等,"紫外线波长范围100nm-420nm，而UVC是波长200~275nm的紫外线，而只有这个UVC波长段才有杀菌的功能
该除菌功能在洗涤模式下前十分钟与后十分钟开启
优点：物理除菌更健康，冷水洗涤也可除菌","M1拥有多重权威健康认证，很适合追求品质人士及宝宝家庭使用！
除菌率99.99%（如阴道加德纳氏菌、光滑念珠菌、白色念珠菌、大肠杆菌、金黄色葡萄球菌）
除病毒率99.99%（如HPV16、冠状病毒Hco-V229E、甲型流感病毒H1N1）
除螨虫率100%
除过敏原率99%（如尘螨、狗皮屑、猫皮屑、花粉）","【除螨程序】60℃水温的洗涤模式下，可以去除螨虫，洗涤/洗烘/烘干模式下，可以杀菌除螨。
【防过敏程序】有效去除过敏源（尘螨、猫、狗皮屑），减少过敏，为肌肤敏感人群而设，尤其是老人及儿童。
【筒自洁程序】洗衣机将筒内洗涤水温加热至60/90℃（默认60℃），利用洗衣机的高速运转带动水流360°旋转将污垢冲刷掉，深度清除污垢和杀菌。
【煮洗程序】高温煮洗衣物，有效灭杀细菌。",洗衣机运行中，轻触屏幕常亮程序按键，筒灯自动点亮，满足夜晚洗衣的照明需求,断电之后继续洗涤，还会延续之前的程序模式,运行状态下，长按温度3秒，开启/关闭,洗衣机运行中，短按开始/暂停键，可添加漏洗衣物，此功能仅在水温低于50℃、水位低于门观察窗、非烘干状态下可用。,紧急情况下可拉开紧急开门拉环，门开启后使拉环复位（紧急拉环在机器底部右侧底角，正常洗涤过程中禁止使用紧急开门拉环，且开门前请确认水已排出，小心高温烫伤）,,50W,100W,800W,IPX4,,,,,,,,,,,,,,,,,,,,,,,,,,,,,,,,,,,,,,,,,,,,,,,,,,,,,,,,,,,,,,,,,,,,,,,,,,,,,,,,,,,,,,,,,,,,,,,,,,,,,,,,,,,,,,,,,,,,,,,,,,,,,,,,,,,,,,,,,
5014561169968,714853608871,5014561169968,a10ultra,【全屋清洁】石头洗地机A10 Ultra家用除菌除螨贴边吸拖洗一体机,洗地机,https://detail.tmall.com/item.htm?id=714853608871&spm=a21dvs.23580594.0.0.3f063d0dNr6GLG&skuId=5014561169968,淘宝,石头电器旗舰店,,,,,,,,,,,,,,,45047,,,,827mm*352mm*388mm,,,,,,,,,,,,43dBA,,,,,,,,,主机、手柄、充电座（分主体和托盘两部分）、电源线、滤网（主机内已有一个滤网，总共两个）、一套滚刷（主机内已有一套滚刷，总共两套），清洁毛刷、尘桶（包含透明尘桶、旋风气旋、吸尘滤网）、地板刷、床刷、二合一刷、延长杆、吸尘收纳架、延长杆固定夹、说明书、开箱卡片、清洁剂200ml。,,,,,,,,,,,,,,,,,,,,,,,,,热风烘干,白色,标准自清洁约150ml左右，深度自清洁约在200ml左右,,洗地时轻拖模式下，噪音不超过74dBA,180cm,支持,1112mm*270mm*305mm （不含基站）,,宽270mm 长310mm,250mm*183mm*1194mm,143mm*181mm*473mm,114mm*181mm*543mm（带主机+尘桶）,698mm,361mm*324mm*207mm,自动模式60W，max功率120W，吸水模式功率100W，轻拖模式功率50W,MAX模式吸入功率45AW,17000Pa,不超过78dBA,0.99,室温（25℃）2h烘干率99%以上,机身净重约5.5kg，带包装箱15.3kg，主机重量1.2Kg 主机安装手持地板刷重量2.6Kg,950ml,770ml,465ml,4000mAh,约4小时,,在清水箱装满水的情况下，使用节能档位，最长运行时间约40分钟；使用自动档位默认水量，最长运行时间约30分钟；使用强力档位，最长运行时间约25分钟。清水箱续航时间与家庭使用环境及滚刷状态有较大关系，具体以实际使用为准。（洗地机轻拖模式下可清洁260㎡）,,,使用节能档位，最长运行时间约40分钟；使用自动档位，最长运行时间约30分钟。使用强力档位，最长运行时间约20分钟。各档位电池续航时间与家庭使用环境及滚刷状态有关，具体以实际使用为准,使用标准档位，毛刷缝隙刷二合一吸头的续航时间为60min，带地刷的续航时间为45min，床刷的续航时间为45min,两孔插头,"◆灰尘、地面污渍（如脚印、咖啡渍、果汁渍）
◆小颗粒干垃圾（如麦片、毛絮、食物残渣）
◆湿垃圾（如饭粒、粥、面条、鸡蛋）
◆液体垃圾（如水、菜汤、饮料）","◆体积或面积较大的垃圾（如塑料袋、纸巾、大纸片、硬纸板、大块菜叶）
◆尖锐的垃圾（如碎玻璃、螺丝钉）
◆大量的粉尘（如装修粉尘，大量的泥土）",双向助力,前刷采用中央驱动设计，两侧可以0距离贴边，中间会有一段空隙，但后刷中间没有空隙，可以很好的补充前刷中间的空隙，中间显的比较干只是后刷擦过后留下的水被吸走了。,风机最高转速110000rpm,双滚刷,"自动档位，开机默认AUTO模式，适用于日常环境
MAX档位，短按档位切换按键，可在AUTO、轻拖模式、吸水模式和MAX模式间循环，适用于地面有大量积尘，或较重污渍时
轻拖模式，短按档位切换按键，可在AUTO、轻拖模式、吸水模式和MAX模式间循环，适用于干净地面日常清洁
吸水模式，短按档位切换按键，进入吸水模式，适用于地面有大量液体时
*水深建议不超过10mm",【双立体悬浮恒压刮刀】刮刀根据滚刷状态（新旧），实时灵活动态调整滚刷与刮刀之间的角度，黄金角度范围75°~83°最优角度，保证刮刀对滚刷的干涉时刻处于最优恒压状态,"自动烘干，充电状态，自清洁后会自动开始烘干（默认定时烘2小时），可通过APP设置是否进行自动烘干
定时烘干，充电状态下，短按开关机键，启动烘干，默认定时烘2小时，可在APP选择烘干时长1-6小时，1h滚刷5分钟转一次，2-6h滚刷10分钟转一次",,"【工作时】实时监测滚刷脏污程度，AUTO模式自动调整吸力和出水
【工作完成】自清洁时，实时监测滚刷脏污程度，从而调整自清洁时长，标准自清洁2.5min左右；深度自清洁3.5min左右。",,,切换自动/强力吸尘模式,方式1：长按APP首页设备-设备共享；方法2：在APP首页-我的-设备共享；方法3：洗地机首页-右上角三个点-设备共享；共享建议不超过5个,按键：短按自清洁键启动标准自清洁；长按自清洁键启动深度自清洁； APP：洗地机设备首页清洁偏好中可选择标准自清洁或者深度自清洁，以及开启关闭自动自清洁,,按键：充电状态，短按开关机键开启烘干，默认定时烘2小时；APP：洗地机设备首页清洁偏好中可选择定时烘干，以及关闭或开启自动烘干。*烘干时长选择，可选择1-6小时,,右上角三个点-智能定时洗烘，定时智能判断是否需要清洁滚刷烘干拖布,右上角三个点-直立解锁自动运行，开启后，解除直立锁定后自动开始洗地，默认自动模式,右上角三个点-勿扰模式，勿扰时段内充电1分钟自动息熄屏,,右上角三个点-语音及音量,右上角三个点-部件与耗材，滤网、滚刷更换后可在里进行复位,右上角三个点-产品信息，可查询机器SN（序列号）,"【洗地机机身】使用柔软的干布擦拭，其中滚刷及滚刷盖，滤网，清水箱，污水箱，充电基座的底盘位置可拆卸水洗，晾干再安装使用
【洗地机污水箱】需要每次使用完倾倒
*其他部件不可水洗","【吸尘组件】床刷的刷毛，二合一刷头，地刷的刷毛，尘桶上的滤网可拆卸水洗，晾干再安装使用
*尘桶不可水洗，刷头不可直接水洗","【滚刷及污水桶的滤网】采用银离子抗菌材质，建议更换周期为6-12个月，与A10 PLUS通用。*滚刷暂不对外告知采用抗菌材质，可回复柔软纤维材质即可
【尘桶的滤网】建议更换周期为6-12个月",2年,3年,无,120W,,,80W,220V-240V~ 50-60Hz,一机多用,roborock/石头,,,,,,,,,,,,,,,,,,,,,,,,,,,,,,,,,,,,,,,,,,,,,,,,,,,,,,,,,,,,,,,,
5213854695645,725413870652,5213854695645,a10ultrae,【一机多用】石头洗地机A10 UltraE家用除菌除螨贴边吸拖洗一体机,洗地机,https://detail.tmall.com/item.htm?id=725413870652&spm=a21dvs.23580594.0.0.3f063d0dNr6GLG&skuId=5213854695645,淘宝,石头电器旗舰店,,,,,,,,,,,,,,,45108,,,,827mm*352mm*388mm,,,,,,,,,,,,43dBA,,,,,,,,,主机、手柄、充电座（分主体和托盘两部分）、电源线、滤网（主机内已有一个滤网，总共两个）、一个滚刷（主机内已有一个滚刷，总共两个），清洁毛刷、尘桶（包含透明尘桶、旋风气旋、吸尘滤网）、地板刷、床刷、二合一刷、延长杆、吸尘收纳架、延长杆固定夹、说明书、开箱卡片、清洁剂200ml。,,,,,,,,,,,,,,,,,,,,,,,,,热风烘干,白色,标准自清洁约150ml左右，深度自清洁约在200ml左右,,洗地时轻拖模式下，噪音不超过73dBA,180cm,支持,1109mm*303mm*260mm （不含基站）,,宽260mm 长310mm,250mm*183mm*1194mm,143mm*181mm*473mm,114mm*181mm*543mm（带主机+尘桶）,698mm,345mm*324mm*207mm,自动模式60W，max功率120W，吸水模式功率100W，轻拖模式功率50W,MAX模式吸入功率45AW,17000Pa,不超过78dBA,0.99,室温（25℃）2h烘干率99%以上,机身净重约4.8kg，带包装箱14.2kg，主机重量1.2Kg 主机安装手持地板刷重量2.6Kg,950ml,770ml,465ml,4000mAh,约4小时,,在清水箱装满水的情况下，使用节能档位，最长运行时间约40分钟；使用自动档位默认水量，最长运行时间约35分钟；使用强力档位，最长运行时间约20分钟。清水箱续航时间与家庭使用环境及滚刷状态有较大关系，具体以实际使用为准。（洗地机轻拖模式下可清洁260㎡）,,,使用节能档位，最长运行时间约65分钟；使用自动档位，最长运行时间约55分钟。使用强力档位，最长运行时间约30分钟。各档位电池续航时间与家庭使用环境及滚刷状态有关，具体以实际使用为准,使用标准档位，毛刷缝隙刷二合一吸头的续航时间为60min，带地刷的续航时间为45min，床刷的续航时间为45min,两孔插头,"◆灰尘、地面污渍（如脚印、咖啡渍、果汁渍）
◆小颗粒干垃圾（如麦片、毛絮、食物残渣）
◆湿垃圾（如饭粒、粥、面条、鸡蛋）
◆液体垃圾（如水、菜汤、饮料）","◆体积或面积较大的垃圾（如塑料袋、纸巾、大纸片、硬纸板、大块菜叶）
◆尖锐的垃圾（如碎玻璃、螺丝钉）
◆大量的粉尘（如装修粉尘，大量的泥土）",前助力,单滚刷（3mm右贴边）,风机最高转速110000rpm,单滚刷,"自动档位，开机默认AUTO模式，适用于日常环境
MAX档位，短按档位切换按键，可在AUTO、轻拖模式、吸水模式和MAX模式间循环，适用于地面有大量积尘，或较重污渍时
轻拖模式，短按档位切换按键，可在AUTO、轻拖模式、吸水模式和MAX模式间循环，适用于干净地面日常清洁
吸水模式，短按档位切换按键，进入吸水模式，适用于地面有大量液体时
*水深建议不超过10mm",【90°固定刮刀】深入铲除毛发，时刻保持刷头蓬松感,"自动烘干，充电状态，自清洁后会自动开始烘干（默认定时烘2小时），可通过APP设置是否进行自动烘干
定时烘干，充电状态下，短按开关机键，启动烘干，默认定时烘2小时，可在APP选择烘干时长1-6小时，1h滚刷5分钟转一次，2-6h滚刷10分钟转一次",,"【工作时】实时监测滚刷脏污程度，AUTO模式自动调整吸力和出水
【工作完成】自清洁时，实时监测滚刷脏污程度，从而调整自清洁时长，标准自清洁2.5min左右；深度自清洁3.5min左右。",,,切换自动/强力吸尘模式,方式1：长按APP首页设备-设备共享；方法2：在APP首页-我的-设备共享；方法3：洗地机首页-右上角三个点-设备共享；共享建议不超过5个,按键：短按自清洁键启动标准自清洁；长按自清洁键启动深度自清洁； APP：洗地机设备首页清洁偏好中可选择标准自清洁或者深度自清洁，以及开启关闭自动自清洁,,按键：充电状态，短按开关机键开启烘干，默认定时烘2小时；APP：洗地机设备首页清洁偏好中可选择定时烘干，以及关闭或开启自动烘干。*烘干时长选择，可选择1-6小时,,右上角三个点-智能定时洗烘，定时智能判断是否需要清洁滚刷烘干拖布,右上角三个点-直立解锁自动运行，开启后，解除直立锁定后自动开始洗地，默认自动模式,右上角三个点-勿扰模式，勿扰时段内充电1分钟自动息熄屏,,右上角三个点-语音及音量,右上角三个点-部件与耗材，滤网、滚刷更换后可在里进行复位,右上角三个点-产品信息，可查询机器SN（序列号）,"【洗地机机身】使用柔软的干布擦拭，其中滚刷及滚刷盖，滤网，清水箱，污水箱，充电基座的底盘位置可拆卸水洗，晾干再安装使用
【洗地机污水箱】需要每次使用完倾倒
*其他部件不可水洗","【吸尘组件】床刷的刷毛，二合一刷头，地刷的刷毛，尘桶上的滤网可拆卸水洗，晾干再安装使用
*尘桶可冲洗，冲洗完成后擦干水渍，晾干后使用，禁止用水浸泡尘桶，禁止未擦干情况下连接主机使用；刷头不可直接水洗","【滚刷及污水桶的滤网】采用银离子抗菌材质，建议更换周期为6-12个月，滚刷与A10通用。*滚刷暂不对外告知采用抗菌材质，可回复柔软纤维材质即可
【尘桶的滤网】建议更换周期为6-12个月",2年,3年,无,120W,,,80W,220V-240V~ 50-60Hz,一机多用,roborock/石头,,,,,,,,,,,,,,,,,,,,,,,,,,,,,,,,,,,,,,,,,,,,,,,,,,,,,,,,,,,,,,,,
4965250180075,688761006993,4965250180075,a10,【年度爆款】石头智能洗地机A10家用除菌吸尘扫地拖地三合一体机,洗地机,https://detail.tmall.com/item.htm?id=688761006993&spm=a21dvs.23580594.0.0.3f063d0dNr6GLG&skuId=4965250180075,淘宝,石头电器旗舰店,,,,,,,,,,,,,,,44805,,,,768*360*286mm,,,,,,,,,,,,静音烘干噪音为约46dB；快速烘干噪音较大，约52dB,,,,,,,,,"主机、手柄、充电座（分主体和托盘两部分）、1.8米电源适配器、滤网*1、滚刷*1（滤网及滚刷已安装）、清洁毛刷、说明书、开箱卡片
随包装箱附赠：滤网*1、滚刷*1、200ml清洁液*1",,,,,,,,,,,,,,,,,,,,,,,,,热风烘干,白色,标准自清洁约130ml左右，深度自清洁约在190ml左右,,洗地时轻拖模式下，噪音不超过74dB,180cm,支持,260mm*303mm*1109mm（无基站）,,宽260mm*长303mm,,,,,345mm*324mm*209mm,自动模式风机电功率80W左右，max功率120W左右，吸水模式功率100W，轻拖模式功率50W左右,,17000Pa,,,,机身净重约4.8kg，含桩净重约6.1kg，毛重约10.5kg,900ml,770ml,,4000mAh,约4小时,,使用轻拖模式，可工作约32分钟；自动档位约30分钟；强力档位约25分钟；单次水耗尽可清洁约260㎡面积（轻拖模式下）具体以您实际使用为准哦,,,轻拖模式下，大约可工作50分钟，单次电耗尽可清洁约300㎡湿拖面积,,,"◆灰尘、地面污渍（如脚印、咖啡渍、果汁渍）
◆小颗粒干垃圾（如麦片、毛絮、食物残渣）
◆湿垃圾（如饭粒、粥、面条、鸡蛋）
◆液体垃圾（如水、菜汤、饮料）","◆体积或面积较大的垃圾（如塑料袋、纸巾、大纸片、硬纸板、大块菜叶）
◆尖锐的垃圾（如碎玻璃、螺丝钉）
◆大量的粉尘（如装修粉尘，大量的泥土）",前助力,沿墙距离1mm,风机最高转速110000rpm,单滚刷,"自动档位，开机默认AUTO模式，适用于日常环境 
MAX档位，短按档位切换按键，可在AUTO、轻拖模式和MAX模式间循环，适用于地面有大量积尘，或较重污渍时 
轻拖模式，短按档位切换按键，可在AUTO、轻拖模式和MAX模式间循环，适用于干净地面日常清洁 
吸水模式，短按档位切换按键，进入吸水模式，适用于地面有大量液体时 
*吸水模式持续1分钟，1分钟后恢复至自动模式，水深建议不超过10mm",,"自动烘干，充电状态，自清洁后会自动开始烘干（默认静音烘3小时），可通过APP设置是否进行自动烘干
静音烘，充电状态下，短按开关机键，启动烘干，默认静音烘3小时，可在APP选择烘干时长2-6小时，滚刷30分钟转一次
快速烘干，充电状态下，可在APP里选择烘干模式，快速烘1小时，无法选择时长，滚刷10分钟转一次",,"【工作时】实时监测滚刷脏污程度，从而调整吸力和出水
【工作完成】自清洁时，实时监测滚刷脏污程度，从而调整自清洁时长，标准自清洁2.5min左右；深度自清洁3.5min左右。",,,,方式1：长按APP首页设备-设备共享；方法2：在APP首页-我的-设备共享；方法3：洗地机首页-右上角三个点-设备共享；共享建议不超过5个,"按键：短按自清洁键启动标准自清洁；长按自清洁键启动深度自清洁； APP：洗地机设备首页可选择标准自清洁或者深度自清洁，右上角三个点在智能自清洁烘干设置，可开启关闭自动自清洁
预约自清洁：洗地机设备首页可进行预约自清洁，可选择自清洁模式",,按键：充电状态，短按开关机键开启烘干，默认静音烘3小时；APP：洗地机设备首页可选择静音烘干和快速烘干，右上角三个点在智能自清洁烘干设置，可关闭或开启自动烘干。*静音烘时长可在右上角三个点-静音烘干时长选择，可选择2-6小时,,右上角三个点-智能定时烘，定时智能判断是否需要烘干拖布,右上角三个点-直立解锁自动运行，开启后，解除直立锁定后自动开始洗地，默认自动模式,右上角三个点-勿扰模式，勿扰时段内充电1分钟自动息熄屏,,右上角三个点-语音及音量,右上角三个点-部件与耗材，滤网、滚刷更换后可在里进行复位,右上角三个点-产品信息，可查询机器SN（序列号）,"【机身】使用柔软的干布擦拭，其中滚刷及滚刷盖，滤网，充电基座的底盘位置可拆卸水洗，晾干再安装使用
【污水箱】需要每次使用完倾倒
*其他部件不可水洗",,【滚刷及滤网】采用银离子抗菌材质，建议更换周期为6-12个月，与U10不通用,2年,3年,无,260W,,,,"100-240V~ 50Hz/60Hz, 1.5A",单滚刷,roborock/石头,,,,,,,,,,,,,,,,,,,,,,,,,,,,,,,,,,,,,,,,,,,,,,,,,,,,,,,,,,,,,,,,
4959480029589,681734157558,4959480029589,a10plus,【热销】石头智能洗地机A10Plus家用贴边吸尘扫地拖地三合一体机,洗地机,https://detail.tmall.com/item.htm?id=681734157558&spm=a21dvs.23580594.0.0.3f063d0dNr6GLG&skuId=4959480029589,淘宝,石头电器旗舰店,,,,,,,,,,,,,,,44805,,,,740*346*345mm ,,,,,,,,,,,,静音烘干噪音为约46dB；快速烘干噪音较大，约52dB,,,,,,,,,"主机、手柄、充电座（分主体和托盘两部分）、1.8米电源适配器、滤网*1、滚刷*1（滤网及滚刷已安装）、清洁毛刷、说明书、开箱卡片
随包装箱附赠：滤网*1、滚刷*1、200ml清洁液*1",,,,,,,,,,,,,,,,,,,,,,,,,热风烘干,白色,标准自清洁约130ml左右，深度自清洁约在190ml左右,,洗地时轻拖模式下，噪音不超过74dB,180cm,支持,270mm*310mm*1110mm（无基站）,,宽270mm 长310mm,,,,,360mm*324mm*209mm,自动模式风机电功率80W左右，max功率120W左右，吸水模式功率100W，轻拖模式功率50W左右,,17000Pa,,,,机身净重约4.1kg，含桩净重约5.4kg，毛重约9.7kg,900ml,770ml,,4000mAh,约4小时,,使用轻拖模式，可工作约30分钟；自动档位约25分钟；强力档位约20分钟；单次水耗尽可清洁约240㎡面积（轻拖模式下）具体以您实际使用为准哦,,,轻拖模式下，大约可工作40分钟，单次电耗尽可清洁约280㎡湿拖面积,,,"◆灰尘、地面污渍（如脚印、咖啡渍、果汁渍）
◆小颗粒干垃圾（如麦片、毛絮、食物残渣）
◆湿垃圾（如饭粒、粥、面条、鸡蛋）
◆液体垃圾（如水、菜汤、饮料）","◆体积或面积较大的垃圾（如塑料袋、纸巾、大纸片、硬纸板、大块菜叶）
◆尖锐的垃圾（如碎玻璃、螺丝钉）
◆大量的粉尘（如装修粉尘，大量的泥土）",双向助力,沿墙距离3mm,风机最高转速110000rpm,双滚刷,"自动档位，开机默认AUTO模式，适用于日常环境 
MAX档位，短按档位切换按键，可在AUTO、轻拖模式和MAX模式间循环，适用于地面有大量积尘，或较重污渍时 
轻拖模式，短按档位切换按键，可在AUTO、轻拖模式和MAX模式间循环，适用于干净地面日常清洁 
吸水模式，短按档位切换按键，进入吸水模式，适用于地面有大量液体时 
*吸水模式持续1分钟，1分钟后恢复至自动模式，水深建议不超过10mm",,"自动烘干，充电状态，自清洁后会自动开始烘干（默认静音烘3小时），可通过APP设置是否进行自动烘干
静音烘，充电状态下，短按开关机键，启动烘干，默认静音烘3小时，可在APP选择烘干时长2-6小时，滚刷30分钟转一次
快速烘干，充电状态下，可在APP里选择烘干模式，快速烘1小时，无法选择时长，滚刷10分钟转一次",,"【工作时】实时监测滚刷脏污程度，从而调整吸力和出水
【工作完成】自清洁时，实时监测滚刷脏污程度，从而调整自清洁时长，标准自清洁2.5min左右；深度自清洁3.5min左右。",,,,方式1：长按APP首页设备-设备共享；方法2：在APP首页-我的-设备共享；方法3：洗地机首页-右上角三个点-设备共享；共享建议不超过5个,"按键：短按自清洁键启动标准自清洁；长按自清洁键启动深度自清洁； APP：洗地机设备首页可选择标准自清洁或者深度自清洁，右上角三个点在智能自清洁烘干设置，可开启关闭自动自清洁
预约自清洁：洗地机设备首页可进行预约自清洁，可选择自清洁模式",,按键：充电状态，短按开关机键开启烘干，默认静音烘3小时；APP：洗地机设备首页可选择静音烘干和快速烘干，右上角三个点在智能自清洁烘干设置，可关闭或开启自动烘干。*静音烘时长可在右上角三个点-静音烘干时长选择，可选择2-6小时,,右上角三个点-智能定时烘，定时智能判断是否需要烘干拖布,右上角三个点-直立解锁自动运行，开启后，解除直立锁定后自动开始洗地，默认自动模式,右上角三个点-勿扰模式，勿扰时段内充电1分钟自动息熄屏,,右上角三个点-语音及音量,右上角三个点-部件与耗材，滤网、滚刷更换后可在里进行复位,右上角三个点-产品信息，可查询机器SN（序列号）,"【机身】使用柔软的干布擦拭，其中滚刷及滚刷盖，滤网，充电基座的底盘位置可拆卸水洗，晾干再安装使用
【污水箱】需要每次使用完倾倒
*其他部件不可水洗",,【滚刷及滤网】采用银离子抗菌材质，建议更换周期为6-12个月，与U10不通用,2年,3年,无,260W,,,,"100-240V~ 50Hz/60Hz, 1.5A",双滚刷,roborock/石头,,,,,,,,,,,,,,,,,,,,,,,,,,,,,,,,,,,,,,,,,,,,,,,,,,,,,,,,,,,,,,,,
5400810251062,758138188051,5400810251062,a20,【春晚同款】石头智能洗地机A20系列平躺热洗速干吸洗拖地一体机,洗地机,https://detail.tmall.com/item.htm?id=758138188051&skuId=5400810251062&spm=a21dvs.23580594.0.0.3f063d0dNr6GLG,淘宝,石头电器旗舰店,,,,,,,,,,,,,,,45292,,,,344mm*307mm*824mm,,,,,,,,,,,,极速烘干72dB；快速烘干65dB,,,,,,,,,"包装箱中包括主机、手柄、充电座、滤网(主机内已有一个滤网,总共两个)、一套滚刷(主机内已有一套滚刷,总共两套)，清洁毛刷*1、清洁液200ml*1、说明书、开箱卡片。",,,,,,,,,,,,,,,,,,,,,,,,,热风烘干,白色,标准自清洁约170ml左右，深度自清洁约在200ml左右,,自动模式：73dB；轻拖模式：71dB；强力模式：75dB,180cm,支持,264*238*1108mm,1160mm,264*238*85mm,,,,,314*368*87mm,自动模式80W左右，强力模式100W左右，轻拖模式在50W左右,,17000Pa,,0.99,,机身净重约 4.7 kg，带包装箱10.4kg,740ml,450ml,,4000mAh,约4小时,25.6W,装满水的情况下使用自动档位约40分钟；强力档位约30分钟；使用轻拖模式约55分钟，清水箱续航时间与家庭使用环境及滚刷状态有较大关系，具体以实际使用为准（续航面积：自动模式约300㎡；强力模式约200㎡；轻拖模式约400㎡）,自动档约40分钟；强力档约30分钟；轻拖约55分钟，具体以实际使用为准。,单次充电耗电约0.09度,在充满电的情况下自动模式可使用40分钟，强力模式可使用30分钟，轻拖模式可使用55分钟。各档位电池续航时间与家庭使用环境及滚刷状态有关，具体以实际使用为准（续航面积：自动模式约300㎡；强力模式约200㎡；轻拖模式约400㎡）,,3孔插头,"◆灰尘、地面污渍（如脚印、咖啡渍、果汁渍）
◆小颗粒干垃圾（如麦片、毛絮、食物残渣）
◆湿垃圾（如饭粒、粥、面条、鸡蛋）
◆液体垃圾（如水、菜汤、饮料）","◆体积或面积较大的垃圾（如塑料袋、纸巾、大纸片、硬纸板、大块菜叶）
◆尖锐的垃圾（如碎玻璃、螺丝钉）
◆大量的粉尘（如装修粉尘，大量的泥土）
◆不可用于水深超过1cm的区域。",前助力,双侧0贴边，前侧贴边1mm，沿墙清理时，软刮条与滚刷配合可将墙边灰尘吸入，并且有效去除水渍,,单滚刷,"自动模式，开机默认自动模式，适用于日常环境
强力模式，短按档位切换按键，可在自动模式、轻拖模式、强力模式间循环，适用于地面有大量积尘，或较重污渍时
轻拖模式，短按档位切换按键，可在自动模式、轻拖模式、强力模式间循环，适用于干净地面日常清洁","实时自清洁，洗地过程中活水喷淋至滚刷，确保清水清洁地面；梳齿刮刀+90°恒压刮刀（A20 Air为90°固定刮刀）紧贴滚刷，刮除滚刷上的垃圾和污水，保持滚刷清洁
热水自清洁，工作结束后，在基站可短按自清洁键（智能自清洁），长按自清洁键2S（深度自清洁），60℃热水洗滚刷，更好应对厨房，餐厅，客厅多种使用场景
*热水洗功能默认开启，可手动关闭，APP内三挡可选，对油渍等重污清洗更干净（A20 Air无热水洗功能）","极速烘干，充电状态，自清洁后会自动开启5min极速烘干，400W超大功率自控温加热器，大直径温控风扇，烘干时同步开启主机风机，滚刷正反转的频率加快，烘干温度＞70℃，烘干效果可以达到滚刷含水量＜2g，烘干率90%以上（具体与环境温度以及湿度有关）
快速烘干，APP内基座设置可选择快速烘干，烘干时间15min，烘干效果可以达到滚刷含水量＜2g，烘干率90%以上（具体与环境温度以及湿度有关）
定时智能洗烘，APP内开启，可根据使用情况智能判断启动自清洁和烘干（A20 Air无智能互联）",脏污指示灯带，电量，档位，故障图标，清水箱缺水，污水桶满，wifi等机身状态显示,"【工作时】毫秒级滚刷污渍检测，可根据地面实际情况调节吸力、水量、滚刷转速，保证水电续航，清洁效果可控
【工作完成】检测滚刷状态，启动智能自清洁自清洁时，实时监测滚刷脏污程度，从而调整自清洁时长，标准自清洁约2分钟；深度自清洁约2.5分钟",,"右上角三个点-固件升级
*升级时请确保洗地机放在充电座上且处于充电状态（未执行自清洁任务），且主机电量>20%；
*确保洗地机和手机都在联网状态下，并且都处于网络条件较好的位置；",,方式1：长按APP首页设备-设备共享；方法2：在APP首页-我的-设备共享；方法3：洗地机首页-右上角三个点-设备共享；共享建议不超过5个,,右上角三个点-洗地设置；可调节智能助力（柔和、均衡、强劲）、清扫吸力（轻柔、标准、强劲）、拖地水量（小、中、大）、滚刷转速（轻擦、标准）,,右上角三个点-基座设置；可调节自清洁模式（标准、智能、深度）、自清洁水温（常温、温热、热水）；烘干设置（极速、快速）,"右上角三个点-定时智能洗烘，根据使用情况智能判断启动自清洁和烘干
*此功能默认关闭，需要用户设置启动时间。如刚刚手动完成自清洁，则到定时时间，默认本次无需启动",右上角三个点-直立解锁自动运行，开启后，解除直立锁定后自动开始洗地，默认自动模式,,,右上角三个点-语音及音量，语音选择：代言人语音包，标准普通话等；音量调节：根据语音提示音量大小调节，符合用户设置预期,右上角三个点-部件与耗材，滤网、滚刷更换后可在里进行复位,右上角三个点-产品信息，可查询机器SN（序列号）,"【洗地机机身】使用柔软的干布擦拭清理机身，其中滚刷及滚刷盖，滤网，清水箱，污水箱可拆卸水洗，晾干后装回使用
【洗地机污水箱】需要每次使用完倾倒
【清理充电底座】将充电座断开电源,用柔软干布擦拭充电座表面和充电触点
*滤网需要晾干后使用，整个刷头部分与充电座不可水洗
*擦拭机身之前,请从充电座上拿下洗地机并关机。",,"【滚刷及污水桶的滤网】采用银离子抗菌材质，建议更换周期为6-12个月，与U10,A10，A10 Ultra系列都不通用。",2年,3年,无,160W,1350W,440W,,220V-240V ～ 50-60Hz,单滚刷,roborock/石头,,,,,,,,,,,,,,,,,,,,,,,,,,,,,,,,,,,,,,,,,,,,,,,,,,,,,,,,,,,,,,,,
5400810251063,758138188051,5400810251063,a20pro,【春晚同款】石头智能洗地机A20系列平躺热洗速干吸洗拖地一体机,洗地机,https://detail.tmall.com/item.htm?id=758138188051&skuId=5400810251063&spm=a21dvs.23580594.0.0.3f063d0dNr6GLG,淘宝,石头电器旗舰店,,,,,,,,,,,,,,,45292,,,,344mm*307mm*824mm,,,,,,,,,,,,极速烘干72dB；快速烘干65dB,,,,,,,,,"包装箱中包括主机、手柄、充电座、滤网(主机内已有一个滤网,总共两个)、一套滚刷(主机内已有一套滚刷,总共两套)，清洁毛刷*1、清洁液200ml*1、说明书、开箱卡片。",,,,,,,,,,,,,,,,,,,,,,,,,热风烘干,白色,标准自清洁约170ml左右，深度自清洁约在200ml左右,,自动模式：73dB；轻拖模式：71dB；强力模式：75dB,180cm,支持,264*238*1108mm,1160mm,264*238*85mm,,,,,314*368*87mm,自动模式80W左右，强力模式100W左右，轻拖模式50W左右,,17000Pa,,0.99,,机身净重约 5 kg，带包装箱 11 kg,740ml,450ml,,4000mAh,约4小时,25.6W,装满水的情况下使用自动档位约40分钟；强力档位约30分钟；使用轻拖模式约55分钟，清水箱续航时间与家庭使用环境及滚刷状态有较大关系，具体以实际使用为准（续航面积：自动模式约300㎡；强力模式约200㎡；轻拖模式约400㎡）,自动档约40分钟；强力档约30分钟；轻拖约55分钟，具体以实际使用为准。,单次充电耗电约0.09度,在充满电的情况下自动模式可使用40分钟，强力模式可使用30分钟，轻拖模式可使用55分钟。各档位电池续航时间与家庭使用环境及滚刷状态有关，具体以实际使用为准（续航面积：自动模式约300㎡；强力模式约200㎡；轻拖模式约400㎡）,,3孔插头,"◆灰尘、地面污渍（如脚印、咖啡渍、果汁渍）
◆小颗粒干垃圾（如麦片、毛絮、食物残渣）
◆湿垃圾（如饭粒、粥、面条、鸡蛋）
◆液体垃圾（如水、菜汤、饮料）","◆体积或面积较大的垃圾（如塑料袋、纸巾、大纸片、硬纸板、大块菜叶）
◆尖锐的垃圾（如碎玻璃、螺丝钉）
◆大量的粉尘（如装修粉尘，大量的泥土）
◆不可用于水深超过1cm的区域。",双向助力,双侧0贴边，前侧贴边1mm，沿墙清理时，软刮条与滚刷配合可将墙边灰尘吸入，并且有效去除水渍,,单滚刷,"自动模式，开机默认自动模式，适用于日常环境
强力模式，短按档位切换按键，可在自动模式、轻拖模式、强力模式间循环，适用于地面有大量积尘，或较重污渍时
轻拖模式，短按档位切换按键，可在自动模式、轻拖模式、强力模式间循环，适用于干净地面日常清洁","实时自清洁，洗地过程中活水喷淋至滚刷，确保清水清洁地面；梳齿刮刀+90°恒压刮刀（A20 Air为90°固定刮刀）紧贴滚刷，刮除滚刷上的垃圾和污水，保持滚刷清洁
热水自清洁，工作结束后，在基站可短按自清洁键（智能自清洁），长按自清洁键2S（深度自清洁），60℃热水洗滚刷，更好应对厨房，餐厅，客厅多种使用场景
*热水洗功能默认开启，可手动关闭，APP内三挡可选，对油渍等重污清洗更干净（A20 Air无热水洗功能）","极速烘干，充电状态，自清洁后会自动开启5min极速烘干，400W超大功率自控温加热器，大直径温控风扇，烘干时同步开启主机风机，滚刷正反转的频率加快，烘干温度＞70℃，烘干效果可以达到滚刷含水量＜2g，烘干率90%以上（具体与环境温度以及湿度有关）
快速烘干，APP内基座设置可选择快速烘干，烘干时间15min，烘干效果可以达到滚刷含水量＜2g，烘干率90%以上（具体与环境温度以及湿度有关）
定时智能洗烘，APP内开启，可根据使用情况智能判断启动自清洁和烘干（A20 Air无智能互联）",脏污指示灯带，电量，档位，故障图标，清水箱缺水，污水桶满，wifi等机身状态显示,"【工作时】毫秒级滚刷污渍检测，可根据地面实际情况调节吸力、水量、滚刷转速，保证水电续航，清洁效果可控
【工作完成】检测滚刷状态，启动智能自清洁自清洁时，实时监测滚刷脏污程度，从而调整自清洁时长，标准自清洁约2分钟；深度自清洁约2.5分钟","LED探照灯（仅A20 Pro），桌底、床底、沙发底等都能看到，贴边缝隙灰尘可见
*刷头探照灯设置默认开启状态，可在APP中选择关闭","右上角三个点-固件升级
*升级时请确保洗地机放在充电座上且处于充电状态（未执行自清洁任务），且主机电量>20%；
*确保洗地机和手机都在联网状态下，并且都处于网络条件较好的位置；",,方式1：长按APP首页设备-设备共享；方法2：在APP首页-我的-设备共享；方法3：洗地机首页-右上角三个点-设备共享；共享建议不超过5个,,右上角三个点-洗地设置；可调节智能助力（柔和、均衡、强劲）、清扫吸力（轻柔、标准、强劲）、拖地水量（小、中、大）、滚刷转速（轻擦、标准）,,右上角三个点-基座设置；可调节自清洁模式（标准、智能、深度）、自清洁水温（常温、温热、热水）；烘干设置（极速、快速）,"右上角三个点-定时智能洗烘，根据使用情况智能判断启动自清洁和烘干
*此功能默认关闭，需要用户设置启动时间。如刚刚手动完成自清洁，则到定时时间，默认本次无需启动",右上角三个点-直立解锁自动运行，开启后，解除直立锁定后自动开始洗地，默认自动模式,,"右上角三个点-刷头探照灯设置，探照灯照明开启后，洗地时可照射地面，提升地面亮度，地面污渍看得更清晰
*此功能默认开启（仅A20Pro）",右上角三个点-语音及音量，语音选择：代言人语音包，标准普通话等；音量调节：根据语音提示音量大小调节，符合用户设置预期,右上角三个点-部件与耗材，滤网、滚刷更换后可在里进行复位,右上角三个点-产品信息，可查询机器SN（序列号）,"【洗地机机身】使用柔软的干布擦拭清理机身，其中滚刷及滚刷盖，滤网，清水箱，污水箱可拆卸水洗，晾干后装回使用
【洗地机污水箱】需要每次使用完倾倒
【清理充电底座】将充电座断开电源,用柔软干布擦拭充电座表面和充电触点
*滤网需要晾干后使用，整个刷头部分与充电座不可水洗
*擦拭机身之前,请从充电座上拿下洗地机并关机。",,"【滚刷及污水桶的滤网】采用银离子抗菌材质，建议更换周期为6-12个月，与U10,A10，A10 Ultra系列都不通用。",2年,3年,无,170W,1350W,440W,,220V-240V ～ 50-60Hz,单滚刷,roborock/石头,,,,,,,,,,,,,,,,,,,,,,,,,,,,,,,,,,,,,,,,,,,,,,,,,,,,,,,,,,,,,,,,
5269487932962,765156325504,5269487932962,a20air,【新品上市】石头智能洗地机A20 Air平躺助力除菌吸洗拖地一体机,洗地机,https://detail.tmall.com/item.htm?id=765156325504&spm=a21dvs.23580594.0.0.3f063d0dNr6GLG&skuId=5269487932962,淘宝,石头电器旗舰店,,,,,,,,,,,,,,,45323,,,,344mm*302mm*832mm,,,,,,,,,,,,53dB左右,,,,,,,,,"包装箱中包括主机、手柄、充电座、滤网(主机内已有一个滤网,总共两个)、一套滚刷(主机内已有一套滚刷,总共两套)，清洁毛刷*1、清洁液200ml*1、说明书、开箱卡片。",,,,,,,,,,,,,,,,,,,,,,,,,热风烘干,白色,标准自清洁约170ml左右，深度自清洁约在200ml左右,,自动模式：72dB；轻拖模式：69dB；强力模式：73dB,180cm,不支持,264*233*1103mm,1150mm,264*233*87mm,,,,,314*368*87mm,自动模式80W左右，强力模式90W左右，轻拖模式在50W左右,,17000Pa,,0.99,,机身净重约 3.9 kg，带包装箱9.4kg,640ml,400ml,,2500mAh,约3小时,,装满水的情况下使用自动档位约30分钟；强力档位约20分钟；使用轻拖模式约45分钟，清水箱续航时间与家庭使用环境及滚刷状态有较大关系，具体以实际使用为准。,自动档约30分钟；强力档约20分钟；轻拖约45分钟，具体以实际使用为准。（续航面积：自动模式约200㎡；强力模式约180㎡；轻拖模式约300㎡）,,在充满电的情况下自动模式可使用30分钟，强力模式可使用20分钟，轻拖模式可使用45分钟。各档位电池续航时间与家庭使用环境及滚刷状态有关，具体以实际使用为准（续航面积：自动模式约200㎡；强力模式约180㎡；轻拖模式约300㎡）,,两孔插头,"◆灰尘、地面污渍（如脚印、咖啡渍、果汁渍）
◆小颗粒干垃圾（如麦片、毛絮、食物残渣）
◆湿垃圾（如饭粒、粥、面条、鸡蛋）
◆液体垃圾（如水、菜汤、饮料）","◆体积或面积较大的垃圾（如塑料袋、纸巾、大纸片、硬纸板、大块菜叶）
◆尖锐的垃圾（如碎玻璃、螺丝钉）
◆大量的粉尘（如装修粉尘，大量的泥土）
◆不可用于水深超过1cm的区域。",前助力,右侧0贴边，沿墙清理时，软刮条与滚刷配合可将墙边灰尘吸入，并且有效去除水渍,,单滚刷,"自动模式，开机默认自动模式，适用于日常环境
强力模式，短按档位切换按键，可在自动模式、轻拖模式、强力模式间循环，适用于地面有大量积尘，或较重污渍时
轻拖模式，短按档位切换按键，可在自动模式、轻拖模式、强力模式间循环，适用于干净地面日常清洁",实时自清洁，洗地过程中活水喷淋至滚刷，确保清水清洁地面；梳齿刮刀+90°固定刮刀，紧贴滚刷，刮除滚刷上的垃圾和污水，保持滚刷清洁,固定烘干，A20 Air固定1H烘干,脏污指示灯带，电量，档位，故障图标，清水箱缺水，污水桶满，wifi等机身状态显示,"【工作时】毫秒级滚刷污渍检测，可根据地面实际情况调节吸力、水量、滚刷转速，保证水电续航，清洁效果可控
【工作完成】检测滚刷状态，启动智能自清洁自清洁时，实时监测滚刷脏污程度，从而调整自清洁时长，标准自清洁约2分钟；深度自清洁约2.5分钟",,,,,,,,,,,,,机身背部音量调节按钮（低音量/高音量/关闭语音）*只能调节音量大小，无语音包,,,"【洗地机机身】使用柔软的干布擦拭清理机身，其中滚刷及滚刷盖，滤网，清水箱，污水箱可拆卸水洗，晾干后装回使用
【洗地机污水箱】需要每次使用完倾倒
【清理充电底座】将充电座断开电源,用柔软干布擦拭充电座表面和充电触点
*滤网需要晾干后使用，整个刷头部分与充电座不可水洗
*擦拭机身之前,请从充电座上拿下洗地机并关机。",,"【滚刷及污水桶的滤网】采用银离子抗菌材质，建议更换周期为6-12个月，与U10,A10，A10 Ultra系列都不通用。",2年,3年,无,150W,,,,220V-240V ～ 50-60Hz,单滚刷,roborock/石头,,,,,,,,,,,,,,,,,,,,,,,,,,,,,,,,,,,,,,,,,,,,,,,,,,,,,,,,,,,,,,,,
4969634692760,,4969634692760,g20,石头自清洁扫地机器人G20系列扫拖地全自动上下水家用清洗一体机,扫地机,https://detail.tmall.com/item.htm?id=707235140054&skuId=4969634692760&spm=a21dvs.23580594.0.0.3f063d0d9Hg2Xc,淘宝,石头电器旗舰店,,,,白色,,,,,,,,,,,2023-03-21 00:00:00,热风风干,,,505*457*492mm,,,,,,,,,,,,,,,,,,,,,,,,,,,,,,,,2/3/4h 时长选择,,,,,,,,,,,,,,,,,,,,,扫地机：353*350*96.5mm,,,,,,,,,,6000Pa,,,,,3.5L,2.9L,,5200mAh,4H以内,,,,,续航时间为150分钟。单次充满电清扫最大建筑面积是250平方米（支持智能断点续扫）,,,,,,,,,,,,,,,,,,,,,,,,,,,,,"【机身】使用柔软的干布擦拭，其中尘盒及滤网、拖布及边刷主刷可拆卸水洗，晾干再安装使用
【基站】清洗盘可拆卸清洗，水箱可拆卸水洗，尘袋按需更换，基站其他部位使用柔软干部擦拭维护",,,,,,69W,,90W,,,,roborock/石头,标准版,G20标准版包装重量约20.5KG，主机重量约4.5KG，主机+基座共约14.7KG,水箱版：约20.5KG,,220V-240V ～ 50-60Hz,1000W,,不支持,不支持,"主机：【边刷和拖布】建议更换周期约3~6个月 【主刷和滤网】建议更换周期约6~12个月
基站：【一次性尘袋】建议更换周期约60天 【银离子模块】用户自行购买安装；建议更换周期约12个月
 【高速自清洁刷】建议更换周期约6~12个月",不支持,五档吸力可选（600/900/1400/2500/6000Pa)，MAX+档位吸力可达6000Pa，轻松吸入毛发,激光导航,扫地机内置小水箱200ml,,支持,清水箱3.5L，污水箱2.9L,600ml,,充电桩的长426mm，宽(深度)514mm，高450mm,【基站】清水箱3.5L，污水箱2.9L，扫地机内置小水箱200ml，湿拖续航满足480平米建筑面积使用,350ml,基站尘袋2.5L，约60天更换,标准版包装清单：说明书*1、主机*1、自清洁集尘充电座*1（内含一次性尘袋）、基座底板*1、电源线*1（长度180cm）、上置可水洗滤网*1、抗菌双震拖布*1、可拆卸软胶主刷套装*1、主刷罩*1、边刷*1。赠送配件：一次性尘袋*1和石头地面清洁液*1（200ml）,石头APP/米家APP,"可以根据需求自主选择
【按时间回洗】默认20分钟回洗一次（回洗间隔可在APP内调整为10~50min，5分钟一个档）
【按分区回洗】地图分区基础上，清洁完一个区域回洗一次拖布
【APP首页一键回洗拖布】","【节水洗】适合较干净的环境，清洗时间短，节省水量；2分3秒（约2分钟）125~150ml
【日常洗】适合日常环境，清洗速度和效率最为均衡；2分42秒（约2分40秒）175-200ml
【深度洗】适合偶尔的深度清洁，清洗水量大，时间较长；3分14秒（约3分10秒）225-250ml
【超深度洗】上下水套件版本可用。适合已安装上下水场景，洗布更干净",不支持,智能、快速、日常、超强模式可以选择，也可手动集尘,,约45℃烘干拖布,"【扫拖】开机默认扫拖一体
【纯扫】APP选择仅扫地（拖布支架不可拆，内置200ml小水箱也不可拆）
【纯拖】APP选择仅拖地",自动回充,是,84-85dB(A),声波振动拖地,1-480㎡,"自动洗抹布, 自动集尘, 充电, 洗抹布集尘二合一","【AI避障3.0】
【测距】毫米级3D结构光测距（免误撞），【识别】13类，42种障碍物，【差异化避障策略】针对不同障碍物采取不同避障策略
【主动红外补光】黑暗环境也不在话下",RR mason10.0,不支持,9.7cm,电控水箱,支持,6个,支持,扫拖自清洁,中国大陆,A6900RR,"APP控制, 区域清扫, 地毯识别, 定点清扫, 延边清扫, 断电续扫, 自动清扫, 遥控，预约, 烘干, 拖地式, 防毛发缠绕, 除菌，地毯清扫方案",不支持,2年,否,北京石头世纪科技股份有限公司,1100转/分,有,180cm,需自行购买,拖扫吸式,吸口+滚刷式,有,规划式,支持,24个月
5268670697517,,5268670697517,p10s,【新品上市】石头自清洁扫地机器人P10S系列全自动扫拖地清洗一体,扫地机,https://detail.tmall.com/item.htm?id=766171501275&spm=a21dvs.23580594.0.0.621e3d0dZqtv56&skuId=5268670697517,淘宝,石头电器旗舰店,,,,白色,,,,,,,,,,,2024-02-01 00:00:00,热风风干,,,586*413*430mm,,,,,,,,,,,,,,,,,,,,,,,,,,,,,,,,2/3/4h 时长选择（默认3h）,,,,,,,,,,,,,,,,,,,,,扫地机：353*350*96.5mm,,,,,,,,,,7000Pa,,,,,4L,3.5L,,5200mAh,4H以内,,,,,标准模式下续航时间为150分钟，续航建筑面积约200㎡，不同扫拖模式下续航会上下浮动，具体以实际为准（支持智能断点续扫）,,,,,,,,,,,,,,,,,,,,,,,,,,,,,"【机身】使用柔软的干布擦拭，其中尘盒及滤网、拖布及边刷主刷可拆卸水洗，晾干再安装使用
【基站】清洗盘可拆卸清洗，水箱可拆卸水洗，尘袋按需更换，基站其他部位使用柔软干部擦拭维护",,,,,,60W,在热水洗布功能下测得的最大功率1320W,90W,,,,roborock/石头,标准版,P10S标准版毛重约14.5kg，产品净重（含桩）约12.4kg，主机重量约3.8kg,水箱版：约14.5kg,,220V-240V ～ 50-60Hz,650W,,支持,支持,"主机：【边刷】建议更换周期约3~6个月 【主刷和滤网】建议更换周期约6~12个月 
基站：【一次性尘袋】建议更换周期约65天 【旋转拖布】建议更换周期约1~3个月",不支持,五档吸力可选：安静（600Pa）、标准（900Pa）、强力（1400Pa）、Max（2500Pa）、Max+（7000Pa仅扫 )，轻松吸入毛发,激光导航,扫地机内置小水箱80ml,,支持,清水箱4L，污水箱3.5L,无,,350*487*521mm（长*深*高）,【基站】清水箱4L，污水箱3.5L，湿拖续航满足超500㎡建筑面积使用,330ml,基站尘袋2.7L，约65天更换,标准版包装清单：主机*1、基站*1、基站底板*1、拖布*1对、拖布支架*1对、清洗盘*1（安装在基站内）、200ml清洁液*1（赠）、一次性尘袋*1（赠）、说明书*1、开箱卡片*1、电源线*1,石头APP,"可以根据需求自主选择
【按时间回洗】默认15分钟回洗一次（回洗间隔可在APP内调整为10~25min，5分钟一个档）
【按分区回洗】地图分区基础上，清洁完一个区域回洗一次拖布
【一键回洗拖布】在地图首页-点击基座按钮，选择洗布即可一键洗布","【节水洗】适合较干净的环境，清洗时间短，节省水量；约2分钟，125~150ml
【日常洗】适合日常环境，清洗速度和效率最为均衡；约2分半钟，175~200ml
【深度洗】适合偶尔的深度清洁，清洗水量大，时间较长；约3分钟，225~250ml
【智能洗】对应智能复洗，根据拖布清洁的污水进行检测，判断脏污程度，自动调节洗布水量及时长","常温（APP切换）水温即自来水温度；
温热（APP切换）水温约50℃；
热水（默认档位且开启）出水口水温约60℃",智能、快速、日常、超强模式可以选择，也可手动集尘,关闭（只能手动集尘）、日常（每次清扫完回桩集尘）、高频（中途回洗自动判断是否集尘，宠物、毛发多的场景）,约45℃烘干拖布,"【扫拖】开机默认扫拖一体
【纯扫】APP选择仅扫地/拆除拖布支架（内置小水箱不可拆）
【纯拖】APP选择仅拖地，风机关闭（主刷旋转），达到仅拖地效果",自动回充,是,54-77dB(A),旋转拖地,0-500㎡,"自动洗抹布, 自动集尘, 充电, 洗抹布集尘二合一","【Reactive Tech融合式避障】
结构光精准测距，配合LDS、陀螺仪等，多传感器融合式辅助避障
避障精度高，避免漏扫，黑暗环境也不在话下",RR mason11.0,不支持,9.7cm,电控水箱,支持,4个,支持,扫拖自清洁,中国大陆,P10S,"APP控制, 区域清扫, 地毯识别, 定点清扫, 延边清扫, 断电续扫, 自动清扫, 预约, 烘干, 拖地式, 防毛发缠绕, 地毯清扫方案",不支持,2年,否,北京石头世纪科技股份有限公司,1100转/分,有,180cm,需自行购买,拖扫吸式,吸口+滚刷式,有,规划式,支持,24个月
5439727679635,,5439727679635,p10spro,【新品上市】石头自清洁扫地机器人P10S Pro系列扫拖一体全自动,扫地机,https://detail.tmall.com/item.htm?id=766696298845&skuId=5439727679635&spm=a21dvs.23580594.0.0.621e3d0dZqtv56,淘宝,石头电器旗舰店,,,,白色,,,,,,,,,,,2024-02-01 00:00:00,热风风干,,,481*471*435mm,,,,,,,,,,,,,,,,,,,,,,,,,,,,,,,,2/3/4h 时长选择（默认3h）,,,,,,,,,,,,,,,,,,,,,扫地机：350*353*103mm,,,,,,,,,,11000Pa,,,,,,,,5200mAh,4H以内,,,,,标准模式下续航时间为150分钟，续航建筑面积约200㎡，不同扫拖模式下续航会上下浮动，具体以实际为准（支持智能断点续扫）,,,,,,,,,,,,,,,,,,,,,,,,,,,,,"【机身】使用柔软的干布擦拭，其中尘盒及滤网、拖布及边刷主刷可拆卸水洗，晾干再安装使用
【基站】清洗盘可拆卸清洗，水箱可拆卸水洗，尘袋按需更换，基站其他部位使用柔软干部擦拭维护",,,,,,60W,在热水洗布功能下测得的最大功率1320W,90W,,,,roborock/石头,上下水版,P10S Pro上下水版毛重约15.29kg，产品净重（含桩）约12.69kg，主机重量约4.04kg,上下水：约15.29kg,,220V-240V ～ 50-60Hz,650W,0.1-0.4MPa,支持,支持,"主机：【边刷】建议更换周期约3~6个月 【主刷和滤网】建议更换周期约6~12个月 
基站：【一次性尘袋】建议更换周期约65天 【旋转拖布】建议更换周期约1~3个月","您可以按照以下步骤来开启扫地机器人的语音提示功能：
1. 打开扫地机器人的设置界面。
2. 在设置界面中找到语音助手选项。
3. 点击语音提示选项，确保它处于开启/关闭状态。",五档吸力可选：安静（600Pa）、标准（900Pa）、强力（1400Pa）、Max（2500Pa）、Max+（11000Pa仅扫 )，轻松吸入毛发,激光导航,扫地机内置小水箱80ml,,支持,,550ml,,350*487*405mm（长*深*高）,,220ml,基站尘袋2.7L，约65天更换,上下水版包装清单：主机*1、基站*1、基座底板*1、安装配件、拖布*1对、拖布支架*1对、清洗盘*1（安装在基站内）、200ml清洁液*1（赠）、一次性尘袋*1（赠）、说明书*1、开箱卡片*1、电源线*1,石头APP,"可以根据需求自主选择
【按时间回洗】默认15分钟回洗一次（回洗间隔可在APP内调整为10~25min，5分钟一个档）
【按分区回洗】地图分区基础上，清洁完一个区域回洗一次拖布
【一键回洗拖布】在地图首页-点击基座按钮，选择洗布即可一键洗布","【节水洗】适合较干净的环境，清洗时间短，节省水量；约2分钟，125~150ml
【日常洗】适合日常环境，清洗速度和效率最为均衡；约2分半钟，175~200ml
【深度洗】适合偶尔的深度清洁，清洗水量大，时间较长；约3分钟，225~250ml
【智能洗】对应智能复洗，根据拖布清洁的污水进行检测，判断脏污程度，自动调节洗布水量及时长","常温（APP切换）水温即自来水温度；
温热（APP切换）水温约50℃；
热水（默认档位且开启）出水口水温约60℃",智能、快速、日常、超强模式可以选择，也可手动集尘,关闭（只能手动集尘）、日常（每次清扫完回桩集尘）、高频（中途回洗自动判断是否集尘，宠物、毛发多的场景）,约45℃烘干拖布,"【AI省心】自动识别房间类型与地面材质，主动推荐清洁方案
【扫拖】开机默认扫拖一体
【纯扫】APP选择仅扫地/拆除拖布支架（内置小水箱不可拆）
【纯拖】APP选择仅拖地，风机关闭（主刷旋转），达到仅拖地效果，此时声音较低
【定制】手动对不同房间设定不同清洁方案",自动回充,是,54-77dB(A),旋转加压拖地,0-500㎡,"自动洗抹布, 自动集尘, 充电, 洗抹布集尘二合一, 自动上下水","【AI动态避障】结构光测距+RGB识别
毫米级精准测距：结构光高精度测距，免误撞、少卡困
AI智能识别，RGB摄像头 识别能力升级，可识别20类 62种物体类型，APP可显示障碍物实景图片	
差异化避障策略：减少漏扫，对“危险物品”躲远， 对“相对安全”障碍物尽量接近",RR mason11.0,支持,10.3cm,电控水箱,支持,5个,支持,扫拖自清洁,中国大陆,P10S Pro,"APP控制, 区域清扫, 地毯识别, 定点清扫, 延边清扫, 断电续扫, 自动清扫, 预约, 烘干, 拖地式, 防毛发缠绕, 地毯清扫方案，实时视频互动，语音控制",支持,2年,否,北京石头世纪科技股份有限公司,1100转/分,有,180cm,不支持,拖扫吸式,吸口+滚刷式,有,规划式,支持,24个月
512525013970,,512525013970,g10spure,石头自清洁扫地机器人G10S Pure系列扫拖一体机全自动上下水家用,扫地机,https://detail.tmall.com/item.htm?id=670141190872&spm=a21dvs.23580594.0.0.3f063d0dDHlhE5&skuId=5125250139705,淘宝,石头电器旗舰店,,,,白色,,,,,,,,,,,2023-05-19 00:00:00,热风风干,,,540*502*433mm,,,,,,,,,,,,,,,,,,,,,,,,,,,,,,,,2/3/4h 时长选择,,,,,,,,,,,,,,,,,,,,,扫地机：353*350*96.5mm,,,,,,,,,,5500Pa,,,,,3L,2.5L,,5200mAh,4H以内,,,,,续航时间为150分钟。单次充满电清扫最大建筑面积是250平方米（支持智能断点续扫）,,,,,,,,,,,,,,,,,,,,,,,,,,,,,"【机身】使用柔软的干布擦拭，其中尘盒及滤网、拖布及边刷主刷可拆卸水洗，晾干再安装使用
【基站】高速自清洁刷，开合式叠层滤网，水箱可拆卸水洗，尘袋按需更换，基站其他部位使用柔软干部擦拭维护",,,,,,60W,,,,,,roborock/石头,标准版,包装重量约16.3KG，主机重量约4.5KG，基座约8.5KG，主机+基座共约13KG,,,220V-240V ～ 50-60Hz,1000W,,不支持,不支持,"主机：【边刷和拖布】建议更换周期约3~6个月 【主刷和滤网】建议更换周期约6~12个月
基站：【一次性尘袋】建议更换周期约60天 【银离子模块】建议更换周期约12个月
 【高速自清洁刷】建议更换周期约6~12个月",不支持,五档吸力可选（600/900/1400/2500/5500Pa)，MAX+档位吸力可达5500Pa，轻松吸入毛发,激光导航,扫地机内置小水箱200ml,,支持,清水箱3L，污水箱2.5L,1000ml,,充电桩的长422mm，宽(深度)504mm，高420mm,【基站】清水箱3L，污水箱2.5L，扫地机内置小水箱200ml，清水耗尽清洁400平米（建筑面积）,350ml,基站尘袋2.5L，约60天更换,标准版包装清单：开箱卡片*1、说明书*1、主机*1、自清洁集尘充电座*1（内含一次性尘袋）、缓释银离子*1（内置于清水箱内）、基座底板*1、电源线*1（长度180cm）、上置可水洗滤网*1、抗菌震动拖布*1、可拆卸软胶主刷*1、主刷罩*1、边刷*1。赠送配件：一次性尘袋*1和石头地面清洁液*1（200ml）。,石头APP/米家APP,"【按时间回洗】默认20分钟回洗一次（回洗间隔可在APP内调整为10~50min，5分钟一个档）
【按分区回洗】地图分区基础上，清洁完一个区域回洗一次拖布
【APP首页一键回洗拖布】","【节水洗】适合较干净的环境，清洗时间短，节省水量；2分3秒（约2分钟）125~150ml  
【日常洗】适合日常环境，清洗速度和效率最为均衡；2分42秒（约2分40秒）175-200ml  
【深度洗】适合偶尔的深度清洁，清洗水量大，时间较长；3分14秒（约3分10秒）225-250ml  
【超深度洗】上下水套件版本可用。适合已安装上下水场景，洗布更干净",不支持,,,约45℃烘干拖布,"【扫拖】开机默认扫拖一体   
【纯扫】APP选择仅扫地（拖布支架不可拆，内置200ml小水箱也不可拆）   
【纯拖】APP选择仅拖地",自动回充,是,大约在63到77dB(A),声波振动拖地,,"充电, 洗抹布集尘二合一","【Reactive Tech融合式避障】
结构光精准测距，配合LDS、陀螺仪等，多传感器融合式辅助避障
避障精度高，避免漏扫，黑暗环境也不在话下",RR mason10.0,支持,9.7cm,电控水箱,支持,4个,支持,扫拖自清洁,中国大陆,G10S Pure,,不支持,2年,否,北京石头世纪科技股份有限公司,,,180cm,支持,拖扫吸式,吸口+滚刷式,有,规划式,不支持,24个月
4952229349955,,4952229349955,g10spro,石头自清洁扫拖机器人G10S系列全自动家用扫地拖地吸尘三合一体机,扫地机,https://detail.tmall.com/item.htm?id=672078527642&skuId=4952229349955&spm=a21dvs.23580594.0.0.3f063d0dDHlhE5,淘宝,石头电器旗舰店,,,,曜石黑,,,,,,,,,,,2022-09-13 00:00:00,,,,外包装：505×502×436mm,,,,,,,,,,,,,,,,,,,,,,,,,,,,,,,,选配,,,,,,,,,,,,,,,,,,,,,扫地机：353*350*96.5mm,,,,,,,,,,5100Pa,,,,,3L,2.5L,,5200mAh,4H以内,,,,,续航2.5小时，单次电耗尽清洁250平米,,,,,,,,,,,,,,,,,,,,,,,,,,,,,"【机身】使用柔软的干布擦拭，其中尘盒及滤网，拖布及边刷主刷可拆卸水洗，晾干再安装使用
【基站】高速自清洁刷，滤网，水箱可拆卸水洗，尘袋按需更换，基站其他部位使用柔软干部擦拭维护",,,,,,74W,,,,,,roborock/石头,标准版,包装16.1KG，主机约4.7KG，产品净重（含基站）约13KG,,,220V-240V ～ 50-60Hz,1000W,,不支持,不支持,"主机：【边刷和拖布】建议更换周期约3~6个月 【主刷和滤网】建议更换周期约6~12个月
基站：【一次性尘袋】建议更换周期约60天 【银离子模块】建议更换周期约12个月
【高速自清洁刷】建议更换周期约6~12个月",不支持,五档吸力可选（600/900/1400/2500/5100Pa)，MAX+档位吸力可达5100Pa，轻松吸入毛发,激光导航,扫地机小水箱200ml,,支持,清水箱3L，污水箱2.5L,无,,基站：504*422*420mm,【基站】清水箱3L，污水箱2.5L，扫地机小水箱200ml，清水耗尽清洁400平米,400ml,基站尘袋2.5L，约60天更换,主机*1、基座*1、基座底板*1、电源线（180cm）*1、200ml石头专用地面清洁液*1、缓释银离子模块*1、一次性尘袋*2（其中一个安装在集尘桶内）、上置可水洗滤网*2（其中1只安装在机器内）、可拆卸软胶主刷*1（安装在机器内）、主刷罩*1（安装在机身上）、边刷*1（安装在机身上）、抗菌震动拖布*1（安装在机身上）、说明书、开箱卡片,石头APP/米家APP,"【按时间回洗】默认20分钟回洗一次（回洗间隔可在APP内调整为10~50min）
【按分区回洗】地图分区基础上，清洁完一个区域回洗一次拖布
【手动回洗】暂停工作任务，长按回充按键2s开始清洗拖布
【手动放桩回洗】将机器搬到基座上，按回充按键2s，开始清洗拖布
【APP首页一键回洗拖布】","【节水洗】适用于较干净的拖布或回洗间隔较短时，2分3秒（约2分钟）125~150ml  
【日常洗】适用于日常环境，2分42秒（约2分40秒）175-200ml  
【深度洗】适用于拖布较脏或回洗间隔较长时，3分14秒（约3分10秒）225-250ml",不支持,,,,"【扫拖】开机默认扫拖一体   
【纯扫】G10S-单独清扫：①APP选择仅扫地②取下水箱；G10S Pro单独清扫：①APP选择仅扫地②取下拖布支架+拖布   
【纯拖】APP选择仅拖地",自动回充,是,大约在63到77dB(A),声波振动拖地,,"充电, 洗抹布集尘二合一","【G10S Pro采用AI避障2.0】免误撞、少卡困
【测距】毫米级3D结构光测距（免误撞），针对不同障碍物采取不同避障策略
【识别】AI识别，27类障碍物识别，地面杂乱也不怕
【新增白色补光灯（G10S Pro）】无惧狭小空间、黑暗环境",,支持,9.7cm,电控水箱,,6个,支持,扫拖自清洁,中国大陆,G10S Pro,,支持,2年,否,北京石头世纪科技股份有限公司,,,180cm,支持,拖扫吸式,吸口+滚刷式,有,规划式,不支持,24个月
5142103662163,,5142103662163,p10,石头自清洁扫地机器人P10系列吸扫拖一体机智能全自动上下水家用,扫地机,https://detail.tmall.com/item.htm?id=707228920371&skuId=5142103662163&spm=a21dvs.23580594.0.0.3f063d0d9Hg2Xc,淘宝,石头电器旗舰店,,,,白色,,,,,,,,,,,2023-03-21 00:00:00,热风风干,,,632*491*443mm,,,,,,,,,,,,,,,,,,,,,,,,,,,,,,,,2/3/4h 时长选择,,,,,,,,,,,,,,,,,,,,,扫地机：353*350*96.5mm,,,,,,,,,,5500Pa,,,,,,,,5200mAh,4H以内,,,,,续航时间为150分钟。单次充满电清扫最大建筑面积是250平方米（支持智能断点续扫）,,,,,,,,,,,,,,,,,,,,,,,,,,,,,"【机身】使用柔软的干布擦拭，其中尘盒及滤网、拖布及边刷主刷可拆卸水洗，晾干再安装使用
【基站】清洗盘可拆卸清洗，水箱可拆卸水洗，尘袋按需更换，基站其他部位使用柔软干部擦拭维护",,,,,,60W,,90W,,,,roborock/石头,上下水版,P10上下水套装包装重量约18.5KG，主机重量约3.7KG，主机+基座(含上下水套件)共约13.7KG,上下水：约18.5KG,14W,220V-240V ～ 50-60Hz,1000W,0.4MPa,不支持,不支持,"主机：【边刷】建议更换周期约3~6个月 【主刷和滤网】建议更换周期约6~12个月 
基站：【一次性尘袋】建议更换周期约65天 【旋转拖布】建议更换周期约1~3个月",不支持,五档吸力可选（安静（600Pa）、标准（900Pa）、强力（1400Pa）、Max（2500Pa）、Max+（5500Pa仅扫 )，轻松吸入毛发,激光导航,扫地机内置小水箱80ml,,支持,,1000ml,,长350mm，宽(深度)515mm，高561mm,,350ml,基站尘袋2.7L，约65天更换,P10上下水套装包装清单：开箱卡片*1、说明书*1、主机*1、自清洁集尘充电座*1（内含一次性尘袋）、智能上下水套件（安装在基座上）、安装配件、基座底板*1、电源线*1（长度180cm）、可水洗滤网*1、拖布*2、拖布支架*2、可拆卸软胶主刷*1、主刷罩*1、边刷*1。赠送配件：一次性尘袋*1和石头地面*1（200ml）,石头APP/米家APP,"可以根据需求自主选择
【按时间回洗】默认15分钟回洗一次（回洗间隔可在APP内调整为10~25min，5分钟一个档）
【按分区回洗】地图分区基础上，清洁完一个区域回洗一次拖布
【一键回洗拖布】在地图首页-点击基座按钮，选择洗布即可一键洗布","【节水洗】适合较干净的环境，清洗时间短，节省水量；2分3秒（约2分钟）125~150ml
【日常洗】适合日常环境，清洗速度和效率最为均衡；2分42秒（约2分40秒）175-200ml
【深度洗】适合偶尔的深度清洁，清洗水量大，时间较长；3分14秒（约3分10秒）225-250ml
【超深度洗】上下水套件版本可用。适合已安装上下水场景，洗布更干净",不支持,智能、快速、日常、超强模式可以选择，也可手动集尘,,约45℃烘干拖布,"【扫拖】开机默认扫拖一体
【纯扫】APP选择仅扫地（内置小水箱不可拆）/拆除拖布支架
【纯拖】APP选择仅拖地，主刷会抬升，达到仅拖地效果",自动回充,是,54-78dB(A),旋转拖地,,"自动洗抹布, 自动集尘, 充电, 洗抹布集尘二合一, 自动上下水","【Reactive Tech融合式避障】
结构光精准测距，配合LDS、陀螺仪等，多传感器融合式辅助避障
避障精度高，避免漏扫，黑暗环境也不在话下",RR mason10.0,支持,9.7cm,电控水箱,支持,4个,支持,扫拖自清洁,中国大陆,A7400RR,"APP控制, 区域清扫, 地毯识别, 定点清扫, 延边清扫, 断电续扫, 自动清扫, 遥控，预约, 烘干, 拖地式, 防毛发缠绕, 地毯清扫方案",不支持,2年,否,北京石头世纪科技股份有限公司,1100转/分,有,180cm,不支持,拖扫吸式,吸口+滚刷式,有,规划式,支持,24个月
5007561363414,,5007561363414,g10s,石头自清洁扫拖机器人G10S系列全自动家用扫地拖地吸尘三合一体机,扫地机,https://detail.tmall.com/item.htm?id=672078527642&skuId=5007561363414&spm=a21dvs.23580594.0.0.3f063d0dDHlhE5,淘宝,石头电器旗舰店,,,,冰川白,,,,,,,,,,,2022-03-13 00:00:00,,,,外包装：505×502×436mm,,,,,,,,,,,,,,,,,,,,,,,,,,,,,,,,选配,,,,,,,,,,,,,,,,,,,,,扫地机：353*350*96.5mm,,,,,,,,,,5100Pa,,,,,3L,2.5L,,5200mAh,4H以内,,,,,续航2.5小时，单次电耗尽清洁250平米,,,,,,,,,,,,,,,,,,,,,,,,,,,,,"【机身】使用柔软的干布擦拭，其中尘盒及滤网，拖布及边刷主刷可拆卸水洗，晾干再安装使用
【基站】高速自清洁刷，滤网，水箱可拆卸水洗，尘袋按需更换，基站其他部位使用柔软干部擦拭维护",,,,,,69W,,,,,,roborock/石头,标准版,包装16.1KG，主机约4.7KG，产品净重（含基站）约13KG,,,220V-240V ～ 50-60Hz,1000W,,不支持,不支持,"主机：【边刷和拖布】建议更换周期约3~6个月 【主刷和滤网】建议更换周期约6~12个月
基站：【一次性尘袋】建议更换周期约60天 【银离子模块】建议更换周期约12个月
【高速自清洁刷】建议更换周期约6~12个月",不支持,五档吸力可选（600/900/1400/2500/5100Pa)，MAX+档位吸力可达5100Pa，轻松吸入毛发,激光导航,扫地机小水箱200ml,,支持,清水箱3L，污水箱2.5L,无,,基站：504*422*420mm,【基站】清水箱3L，污水箱2.5L，扫地机小水箱200ml，清水耗尽清洁400平米,400ml,基站尘袋2.5L，约60天更换,主机*1、基座*1、基座底板*1、电源线（180cm）*1、200ml石头专用地面清洁液*1、缓释银离子模块*1、一次性尘袋*2（其中一个安装在集尘桶内）、上置可水洗滤网*2（其中1只安装在机器内）、可拆卸软胶主刷*1（安装在机器内）、主刷罩*1（安装在机身上）、边刷*1（安装在机身上）、抗菌震动拖布*1（安装在机身上）、说明书、开箱卡片,石头APP/米家APP,"【按时间回洗】默认20分钟回洗一次（回洗间隔可在APP内调整为10~50min）
【按分区回洗】地图分区基础上，清洁完一个区域回洗一次拖布
【手动回洗】暂停工作任务，长按回充按键2s开始清洗拖布
【手动放桩回洗】将机器搬到基座上，按回充按键2s，开始清洗拖布
【APP首页一键回洗拖布】","【节水洗】适用于较干净的拖布或回洗间隔较短时，2分3秒（约2分钟）125~150ml  
【日常洗】适用于日常环境，2分42秒（约2分40秒）175-200ml  
【深度洗】适用于拖布较脏或回洗间隔较长时，3分14秒（约3分10秒）225-250ml",不支持,,,,"【扫拖】开机默认扫拖一体   
【纯扫】G10S-单独清扫：①APP选择仅扫地②取下水箱；G10S Pro单独清扫：①APP选择仅扫地②取下拖布支架+拖布   
【纯拖】APP选择仅拖地",自动回充,是,大约在63到77dB(A),声波振动拖地,,"充电, 洗抹布集尘二合一",其他避障方式,,支持,9.7cm,电控水箱,,6个,支持,扫拖自清洁,中国大陆,G10S,,不支持,2年,否,北京石头世纪科技股份有限公司,,,180cm,支持,拖扫吸式,吸口+滚刷式,有,规划式,不支持,24个月
4969634692759,,4969634692759,g20,石头自清洁扫地机器人G20系列扫拖地全自动上下水家用清洗一体机,扫地机,https://detail.tmall.com/item.htm?id=707235140054&skuId=4969634692759&spm=a21dvs.23580594.0.0.3f063d0d9Hg2Xc,淘宝,石头电器旗舰店,,,,白色,,,,,,,,,,,2023-03-21 00:00:00,热风风干,,,510*487*578mm,,,,,,,,,,,,,,,,,,,,,,,,,,,,,,,,2/3/4h 时长选择,,,,,,,,,,,,,,,,,,,,,扫地机：353*350*96.5mm,,,,,,,,,,6000Pa,,,,,,,,5200mAh,4H以内,,,,,续航时间为150分钟。单次充满电清扫最大建筑面积是250平方米（支持智能断点续扫）,,,,,,,,,,,,,,,,,,,,,,,,,,,,,"【机身】使用柔软的干布擦拭，其中尘盒及滤网、拖布及边刷主刷可拆卸水洗，晾干再安装使用
【基站】清洗盘可拆卸清洗，水箱可拆卸水洗，尘袋按需更换，基站其他部位使用柔软干部擦拭维护",,,,,,69W,,90W,,,,roborock/石头,上下水版,G20上下水套装包装重量约22.7KG，主机重量约4.5KG，主机+基座(含上下水套装)共约15.7KG,上下水：约22.7KG,14W,220V-240V ～ 50-60Hz,1000W,0.8 MPa,不支持,不支持,"主机：【边刷和拖布】建议更换周期约3~6个月 【主刷和滤网】建议更换周期约6~12个月
基站：【一次性尘袋】建议更换周期约60天 【银离子模块】用户自行购买安装；建议更换周期约12个月
 【高速自清洁刷】建议更换周期约6~12个月",不支持,五档吸力可选（600/900/1400/2500/6000Pa)，MAX+档位吸力可达6000Pa，轻松吸入毛发,激光导航,扫地机内置小水箱200ml,,支持,,600ml,,充电桩的长426mm，宽(深度)541mm，高450mm,,350ml,基站尘袋2.5L，约60天更换,上下水套装包装清单：说明书*1、主机*1、自清洁集尘充电座*1（内含一次性尘袋）、智能上下水套装（安装在基座上）、安装配件、基座底板*1、电源线*1（长度180cm）、上置可水洗滤网*1、抗菌双震拖布*1、可拆卸软胶主刷套装*1、主刷罩*1、边刷*1。赠送配件：一次性尘袋*1和石头地面清洁液*1（200ml）,石头APP/米家APP,"可以根据需求自主选择
【按时间回洗】默认20分钟回洗一次（回洗间隔可在APP内调整为10~50min，5分钟一个档）
【按分区回洗】地图分区基础上，清洁完一个区域回洗一次拖布
【APP首页一键回洗拖布】","【节水洗】适合较干净的环境，清洗时间短，节省水量；2分3秒（约2分钟）125~150ml
【日常洗】适合日常环境，清洗速度和效率最为均衡；2分42秒（约2分40秒）175-200ml
【深度洗】适合偶尔的深度清洁，清洗水量大，时间较长；3分14秒（约3分10秒）225-250ml
【超深度洗】上下水套件版本可用。适合已安装上下水场景，洗布更干净",不支持,智能、快速、日常、超强模式可以选择，也可手动集尘,,约45℃烘干拖布,"【扫拖】开机默认扫拖一体
【纯扫】APP选择仅扫地（拖布支架不可拆，内置200ml小水箱也不可拆）
【纯拖】APP选择仅拖地",自动回充,是,84-85dB(A),声波振动拖地,1-480㎡,"自动洗抹布, 自动集尘, 充电, 洗抹布集尘二合一, 自动上下水","【AI避障3.0】
【测距】毫米级3D结构光测距（免误撞），【识别】13类，42种障碍物，【差异化避障策略】针对不同障碍物采取不同避障策略
【主动红外补光】黑暗环境也不在话下",RR mason10.0,支持,9.7cm,电控水箱,支持,6个,支持,扫拖自清洁,中国大陆,A6900RR,"APP控制, 区域清扫, 地毯识别, 定点清扫, 延边清扫, 断电续扫, 自动清扫, 遥控，预约, 烘干, 拖地式, 防毛发缠绕, 除菌，地毯清扫方案",不支持,2年,否,北京石头世纪科技股份有限公司,1100转/分,有,180cm,不支持,拖扫吸式,吸口+滚刷式,有,规划式,支持,24个月
5142103662164,,5142103662164,p10,石头自清洁扫地机器人P10系列吸扫拖一体机智能全自动上下水家用,扫地机,https://detail.tmall.com/item.htm?id=707228920371&skuId=5142103662164&spm=a21dvs.23580594.0.0.3f063d0d9Hg2Xc,淘宝,石头电器旗舰店,,,,白色,,,,,,,,,,,2023-03-21 00:00:00,热风风干,,,632*424*436mm,,,,,,,,,,,,,,,,,,,,,,,,,,,,,,,,2/3/4h 时长选择,,,,,,,,,,,,,,,,,,,,,扫地机：353*350*96.5mm,,,,,,,,,,5500Pa,,,,,5L,4.2L,,5200mAh,4H以内,,,,,续航时间为150分钟。单次充满电清扫最大建筑面积是250平方米（支持智能断点续扫）,,,,,,,,,,,,,,,,,,,,,,,,,,,,,"【机身】使用柔软的干布擦拭，其中尘盒及滤网、拖布及边刷主刷可拆卸水洗，晾干再安装使用
【基站】清洗盘可拆卸清洗，水箱可拆卸水洗，尘袋按需更换，基站其他部位使用柔软干部擦拭维护",,,,,,60W,,90W,,,,roborock/石头,标准版,P10标准版包装重量约15.1KG，主机重量约3.7KG，主机+基座共约12.4KG,水箱版：约15.1KG,,220V-240V ～ 50-60Hz,1000W,,不支持,不支持,"主机：【边刷】建议更换周期约3~6个月 【主刷和滤网】建议更换周期约6~12个月 
基站：【一次性尘袋】建议更换周期约65天 【旋转拖布】建议更换周期约1~3个月",不支持,五档吸力可选（安静（600Pa）、标准（900Pa）、强力（1400Pa）、Max（2500Pa）、Max+（5500Pa仅扫 )，轻松吸入毛发,激光导航,扫地机内置小水箱80ml,,支持,清水箱5L，污水箱4.2L,无,,长350mm，宽(深度)487mm，高561mm,【基站】清水箱5L，污水箱4.2L，扫地机内置小水箱80ml，湿拖续航满足600平米建筑面积使用,350ml,基站尘袋2.7L，约65天更换,P10包装清单：开箱卡片*1、说明书*1、主机*1、自清洁集尘充电座*1（内含一次性尘袋）、基座底板*1、电源线*1（长度180cm）、可水洗滤网*1、拖布*2、拖布支架*2、可拆卸软胶主刷*1、主刷罩*1、边刷*1。赠送配件：一次性尘袋*1和石头地面*1（200ml）,石头APP/米家APP,"可以根据需求自主选择
【按时间回洗】默认15分钟回洗一次（回洗间隔可在APP内调整为10~25min，5分钟一个档）
【按分区回洗】地图分区基础上，清洁完一个区域回洗一次拖布
【一键回洗拖布】在地图首页-点击基座按钮，选择洗布即可一键洗布","【节水洗】适合较干净的环境，清洗时间短，节省水量；2分3秒（约2分钟）125~150ml
【日常洗】适合日常环境，清洗速度和效率最为均衡；2分42秒（约2分40秒）175-200ml
【深度洗】适合偶尔的深度清洁，清洗水量大，时间较长；3分14秒（约3分10秒）225-250ml
【超深度洗】上下水套件版本可用。适合已安装上下水场景，洗布更干净",不支持,智能、快速、日常、超强模式可以选择，也可手动集尘,,约45℃烘干拖布,"【扫拖】开机默认扫拖一体
【纯扫】APP选择仅扫地（内置小水箱不可拆）/拆除拖布支架
【纯拖】APP选择仅拖地，主刷会抬升，达到仅拖地效果",自动回充,是,54-78dB(A),旋转拖地,,"自动洗抹布, 自动集尘, 充电, 洗抹布集尘二合一","【Reactive Tech融合式避障】
结构光精准测距，配合LDS、陀螺仪等，多传感器融合式辅助避障
避障精度高，避免漏扫，黑暗环境也不在话下",RR mason10.0,不支持,9.7cm,电控水箱,支持,4个,支持,扫拖自清洁,中国大陆,A7400RR,"APP控制, 区域清扫, 地毯识别, 定点清扫, 延边清扫, 断电续扫, 自动清扫, 遥控，预约, 烘干, 拖地式, 防毛发缠绕, 地毯清扫方案",不支持,2年,否,北京石头世纪科技股份有限公司,1100转/分,有,180cm,需自行购买,拖扫吸式,吸口+滚刷式,有,规划式,支持,24个月
5439727679634,,5439727679634,p10spro,【新品上市】石头自清洁扫地机器人P10S Pro系列扫拖一体全自动,扫地机,https://detail.tmall.com/item.htm?id=766696298845&skuId=5439727679634&spm=a21dvs.23580594.0.0.621e3d0dZqtv56,淘宝,石头电器旗舰店,,,,白色,,,,,,,,,,,2024-02-01 00:00:00,热风风干,,,586*413*430mm,,,,,,,,,,,,,,,,,,,,,,,,,,,,,,,,2/3/4h 时长选择（默认3h）,,,,,,,,,,,,,,,,,,,,,扫地机：350*353*103mm,,,,,,,,,,11000Pa,,,,,4L,3.5L,,5200mAh,4H以内,,,,,标准模式下续航时间为150分钟，续航建筑面积约200㎡，不同扫拖模式下续航会上下浮动，具体以实际为准（支持智能断点续扫）,,,,,,,,,,,,,,,,,,,,,,,,,,,,,"【机身】使用柔软的干布擦拭，其中尘盒及滤网、拖布及边刷主刷可拆卸水洗，晾干再安装使用
【基站】清洗盘可拆卸清洗，水箱可拆卸水洗，尘袋按需更换，基站其他部位使用柔软干部擦拭维护",,,,,,60W,在热水洗布功能下测得的最大功率1320W,90W,,,,roborock/石头,标准版,P10S Pro标准版毛重约14.83kg，产品净重（含桩）约12.57kg，主机重量约4.04kg,水箱版：约14.83kg,,220V-240V ～ 50-60Hz,650W,,支持,支持,"主机：【边刷】建议更换周期约3~6个月 【主刷和滤网】建议更换周期约6~12个月 
基站：【一次性尘袋】建议更换周期约65天 【旋转拖布】建议更换周期约1~3个月","您可以按照以下步骤来开启扫地机器人的语音提示功能：
1. 打开扫地机器人的设置界面。
2. 在设置界面中找到语音助手选项。
3. 点击语音提示选项，确保它处于开启/关闭状态。",五档吸力可选：安静（600Pa）、标准（900Pa）、强力（1400Pa）、Max（2500Pa）、Max+（11000Pa仅扫 )，轻松吸入毛发,激光导航,扫地机内置小水箱80ml,,支持,清水箱4L，污水箱3.5L,无,,350*487*521mm（长*深*高）,【基站】清水箱4L，污水箱3.5L，湿拖续航满足超500㎡建筑面积使用,220ml,基站尘袋2.7L，约65天更换,标准版包装清单：主机*1、基站*1、基站底板*1、拖布*1对、拖布支架*1对、清洗盘*1（安装在基站内）、200ml清洁液*1（赠）、一次性尘袋*1（赠）、说明书*1、开箱卡片*1、电源线*1,石头APP,"可以根据需求自主选择
【按时间回洗】默认15分钟回洗一次（回洗间隔可在APP内调整为10~25min，5分钟一个档）
【按分区回洗】地图分区基础上，清洁完一个区域回洗一次拖布
【一键回洗拖布】在地图首页-点击基座按钮，选择洗布即可一键洗布","【节水洗】适合较干净的环境，清洗时间短，节省水量；约2分钟，125~150ml
【日常洗】适合日常环境，清洗速度和效率最为均衡；约2分半钟，175~200ml
【深度洗】适合偶尔的深度清洁，清洗水量大，时间较长；约3分钟，225~250ml
【智能洗】对应智能复洗，根据拖布清洁的污水进行检测，判断脏污程度，自动调节洗布水量及时长","常温（APP切换）水温即自来水温度；
温热（APP切换）水温约50℃；
热水（默认档位且开启）出水口水温约60℃",智能、快速、日常、超强模式可以选择，也可手动集尘,关闭（只能手动集尘）、日常（每次清扫完回桩集尘）、高频（中途回洗自动判断是否集尘，宠物、毛发多的场景）,约45℃烘干拖布,"【AI省心】自动识别房间类型与地面材质，主动推荐清洁方案
【扫拖】开机默认扫拖一体
【纯扫】APP选择仅扫地/拆除拖布支架（内置小水箱不可拆）
【纯拖】APP选择仅拖地，风机关闭（主刷旋转），达到仅拖地效果，此时声音较低
【定制】手动对不同房间设定不同清洁方案",自动回充,是,54-77dB(A),旋转加压拖地,0-500㎡,"自动洗抹布, 自动集尘, 充电, 洗抹布集尘二合一","【AI动态避障】结构光测距+RGB识别
毫米级精准测距：结构光高精度测距，免误撞、少卡困
AI智能识别，RGB摄像头 识别能力升级，可识别20类 62种物体类型，APP可显示障碍物实景图片
差异化避障策略：减少漏扫，对“危险物品”躲远， 对“相对安全”障碍物尽量接近",RR mason11.0,不支持,10.3cm,电控水箱,支持,5个,支持,扫拖自清洁,中国大陆,P10S Pro,"APP控制, 区域清扫, 地毯识别, 定点清扫, 延边清扫, 断电续扫, 自动清扫, 预约, 烘干, 拖地式, 防毛发缠绕, 地毯清扫方案，实时视频互动，语音控制",支持,2年,否,北京石头世纪科技股份有限公司,1100转/分,有,180cm,需自行购买,拖扫吸式,吸口+滚刷式,有,规划式,支持,24个月
5268670697518,,5268670697518,p10s,【新品上市】石头自清洁扫地机器人P10S系列全自动扫拖地清洗一体,扫地机,https://detail.tmall.com/item.htm?id=766171501275&skuId=5268670697518&spm=a21dvs.23580594.0.0.621e3d0dZqtv56,淘宝,石头电器旗舰店,,,,白色,,,,,,,,,,,2024-02-01 00:00:00,热风风干,,,481*471*435mm,,,,,,,,,,,,,,,,,,,,,,,,,,,,,,,,2/3/4h 时长选择（默认3h）,,,,,,,,,,,,,,,,,,,,,扫地机：353*350*96.5mm,,,,,,,,,,7000Pa,,,,,,,,5200mAh,4H以内,,,,,标准模式下续航时间为150分钟，续航建筑面积约200㎡，不同扫拖模式下续航会上下浮动，具体以实际为准（支持智能断点续扫）,,,,,,,,,,,,,,,,,,,,,,,,,,,,,"【机身】使用柔软的干布擦拭，其中尘盒及滤网、拖布及边刷主刷可拆卸水洗，晾干再安装使用
【基站】清洗盘可拆卸清洗，水箱可拆卸水洗，尘袋按需更换，基站其他部位使用柔软干部擦拭维护",,,,,,60W,在热水洗布功能下测得的最大功率1320W,90W,,,,roborock/石头,上下水版,P10S上下水版毛重约15.1kg，产品净重（含桩）约12.5kg，主机重量约3.8kg,上下水：约15.1kg,,220V-240V ～ 50-60Hz,650W,0.1-0.4MPa,支持,支持,"主机：【边刷】建议更换周期约3~6个月 【主刷和滤网】建议更换周期约6~12个月 
基站：【一次性尘袋】建议更换周期约65天 【旋转拖布】建议更换周期约1~3个月",不支持,五档吸力可选：安静（600Pa）、标准（900Pa）、强力（1400Pa）、Max（2500Pa）、Max+（7000Pa仅扫 )，轻松吸入毛发,激光导航,扫地机内置小水箱80ml,,支持,,550ml,,350*487*405mm（长*深*高）,,330ml,基站尘袋2.7L，约65天更换,上下水版包装清单：主机*1、基站*1、基座底板*1、安装配件、拖布*1对、拖布支架*1对、清洗盘*1（安装在基站内）、200ml清洁液*1（赠）、一次性尘袋*1（赠）、说明书*1、开箱卡片*1、电源线*1,石头APP,"可以根据需求自主选择
【按时间回洗】默认15分钟回洗一次（回洗间隔可在APP内调整为10~25min，5分钟一个档）
【按分区回洗】地图分区基础上，清洁完一个区域回洗一次拖布
【一键回洗拖布】在地图首页-点击基座按钮，选择洗布即可一键洗布","【节水洗】适合较干净的环境，清洗时间短，节省水量；约2分钟，125~150ml
【日常洗】适合日常环境，清洗速度和效率最为均衡；约2分半钟，175~200ml
【深度洗】适合偶尔的深度清洁，清洗水量大，时间较长；约3分钟，225~250ml
【智能洗】对应智能复洗，根据拖布清洁的污水进行检测，判断脏污程度，自动调节洗布水量及时长","常温（APP切换）水温即自来水温度；
温热（APP切换）水温约50℃；
热水（默认档位且开启）出水口水温约60℃",智能、快速、日常、超强模式可以选择，也可手动集尘,关闭（只能手动集尘）、日常（每次清扫完回桩集尘）、高频（中途回洗自动判断是否集尘，宠物、毛发多的场景）,约45℃烘干拖布,"【扫拖】开机默认扫拖一体
【纯扫】APP选择仅扫地/拆除拖布支架（内置小水箱不可拆）
【纯拖】APP选择仅拖地，风机关闭（主刷旋转），达到仅拖地效果",自动回充,是,54-77dB(A),旋转拖地,0-500㎡,"自动洗抹布, 自动集尘, 充电, 洗抹布集尘二合一, 自动上下水","【Reactive Tech融合式避障】
结构光精准测距，配合LDS、陀螺仪等，多传感器融合式辅助避障
避障精度高，避免漏扫，黑暗环境也不在话下",RR mason11.0,支持,9.7cm,电控水箱,支持,4个,支持,扫拖自清洁,中国大陆,P10S,"APP控制, 区域清扫, 地毯识别, 定点清扫, 延边清扫, 断电续扫, 自动清扫, 预约, 烘干, 拖地式, 防毛发缠绕, 地毯清扫方案",不支持,2年,否,北京石头世纪科技股份有限公司,1100转/分,有,180cm,不支持,拖扫吸式,吸口+滚刷式,有,规划式,支持,24个月
5081970320318,,5081970320318,p10pro,石头扫地机器人P10Pro系列扫吸拖地全自动上下水家用清洗三合一体,扫地机,https://detail.tmall.com/item.htm?id=735820399596&skuId=5081970320318&spm=a21dvs.23580594.0.0.621e3d0dZqtv56,淘宝,石头电器旗舰店,,,,白色,,,,,,,,,,,2023-08-28 00:00:00,热风风干,,,593*489*434mm,,,,,,,,,,,,,,,,,,,,,,,,,,,,,,,,2/3/4h 时长选择（默认3h）,,,,,,,,,,,,,,,,,,,,,扫地机：353*350*102mm,,,,,,,,,,7000Pa,,,,,,,,5200mAh,4H以内,,,,,续航时间为150分钟。单次充满电清扫最大建筑面积是250平方米（支持智能断点续扫）,,,,,,,,,,,,,,,,,,,,,,,,,,,,,"【机身】使用柔软的干布擦拭，其中尘盒及滤网、拖布及边刷主刷可拆卸水洗，晾干再安装使用
【基站】清洗盘可拆卸清洗，水箱可拆卸水洗，尘袋按需更换，基站其他部位使用柔软干部擦拭维护",,,,,,60W,在热水洗布功能下测得的最大功率1320W,90W,,,,roborock/石头,上下水版,P10 Pro上下水套装包装重量约17kg，主机重量约3.93kg，主机+基座(含上下水套件)共约12.8kg,上下水：约17kg,,220V-240V ～ 50-60Hz,650W,0.1-0.4MPa,支持,支持,"主机：【边刷】建议更换周期约3~6个月 【主刷和滤网】建议更换周期约6~12个月 
基站：【一次性尘袋】建议更换周期约65天 【旋转拖布】建议更换周期约1~3个月","您可以按照以下步骤来开启扫地机器人的语音提示功能：
1. 打开扫地机器人的设置界面。
2. 在设置界面中找到语音助手选项。
3. 点击语音提示选项，确保它处于开启/关闭状态。",五档吸力可选：安静（600Pa）、标准（900Pa）、强力（1400Pa）、Max（2500Pa）、Max+（7000Pa仅扫 )，轻松吸入毛发,激光导航,扫地机内置小水箱80ml,地毯模式可选择：精准识别、先扫地毯、不湿地毯、地毯二次清洁,支持,,1000ml,,350*487*521mm,,330ml,基站尘袋2.7L，约65天更换,上下水版：主机*1、基站*1、基座底板*1、安装配件、拖布*1对、拖布支架*1对、清洗盘*1（安装在基站内）、说明书*1、开箱卡片*1、电源线*1；赠送配件：一次性尘袋*1和石头地面清洁液*1（200ml）。 ,石头APP,"可以根据需求自主选择
【按时间回洗】默认15分钟回洗一次（回洗间隔可在APP内调整为10~25min，5分钟一个档）
【按分区回洗】地图分区基础上，清洁完一个区域回洗一次拖布
【一键回洗拖布】在地图首页-点击基座按钮，选择洗布即可一键洗布","【节水洗】适合较干净的环境，清洗时间短，节省水量；2分3秒（约2分钟）125~150ml
【日常洗】适合日常环境，清洗速度和效率最为均衡；2分42秒（约2分40秒）175-200ml
【深度洗】适合偶尔的深度清洁，清洗水量大，时间较长；3分14秒（约3分10秒）225-250ml
【智能洗】对应智能复洗，根据拖布清洁的污水进行检测，判断脏污程度，自动调节洗布水量及时长","常温（APP切换）水温即自来水温度；
温热（APP切换）水温约50℃；
热水（默认档位且开启）出水口水温约60℃",智能、快速、日常、超强模式可以选择，也可手动集尘,,约45℃烘干拖布,"【扫拖】开机默认扫拖一体
【纯扫】APP选择仅扫地（内置小水箱不可拆）/拆除拖布支架
【纯拖】APP选择仅拖地，主刷会抬升，达到仅拖地效果   ",自动回充,是,54-77dB(A),旋转拖地,0-500㎡,"自动洗抹布, 自动集尘, 充电, 洗抹布集尘二合一, 自动上下水","AI动态避障
识别能力升级，可进行识别20类62种物体类型
结构光测距、RGB识别、白色补光灯、绕障碍物边刷慢转、少碰撞模式更新三档可选",RR mason10.0,支持,10.2cm,电控水箱,支持,5个,支持,扫拖自清洁,中国大陆,P10 Pro,"APP控制, 区域清扫, 地毯识别, 定点清扫, 延边清扫, 断电续扫, 自动清扫, 预约, 烘干, 拖地式, 消毒, 防毛发缠绕, 除菌, 地毯清扫方案",支持,2年,否,北京石头世纪科技股份有限公司,1100转/分,有,180cm,不支持,拖扫吸式,吸口+滚刷式,有,规划式,支持,24个月
5003751105978,,5003751105978,g10sauto,石头自清洁扫地机器人G10SAuto电器吸扫拖一体机全自动家用,扫地机,https://detail.tmall.com/item.htm?id=685122454771&spm=a21dvs.23580594.0.0.3f063d0dDHlhE5&skuId=5003751105978,淘宝,石头电器旗舰店,,,,白色,,,,,,,,,,,2022-09-13 00:00:00,,,,外包装：507*502*432mm,,,,,,,,,,,,,,,,,,,,,,,,,,,,,,,,选配,,,,,,,,,,,,,,,,,,,,,扫地机：353*350*96.5mm,,,,,,,,,,2500pa,,,,,3L,2.5L,,5200mAh,4H以内,,,,,续航2.5小时，单次电耗尽清洁250平米,,,,,,,,,,,,,,,,,,,,,,,,,,,,,"【机身】使用柔软的干布擦拭，其中尘盒及滤网，拖布及边刷主刷可拆卸水洗，晾干再安装使用
【基站】高速自清洁刷，滤网，水箱可拆卸水洗，尘袋按需更换，基站其他部位使用柔软干部擦拭维护",,,,,,68W,,,,,,roborock/石头,标准版,主机净重约4.7kg，主机+基站净重约13kg，产品毛重约6kg,,,220V-240V ～ 50-60Hz,1000W,,不支持,不支持,"主机：【边刷和拖布】建议更换周期约3~6个月 【主刷和滤网】建议更换周期约6~12个月
基站：【一次性尘袋】建议更换周期约60天 【银离子模块】建议更换周期约12个月
【高速自清洁刷】建议更换周期约6~12个月",不支持,,激光导航,扫地机小水箱200ml,,支持,清水箱3L，污水箱2.5L,无,,基站：504*422*420mm,【基站】清水箱3L，污水箱2.5L，扫地机小水箱200ml，清水耗尽清洁400平米,400ml,基站尘袋2.5L，可60天更换,主机*1、拖布自清洁基座*1（包含基座底板）、电源线（180cm）、200ml石头专用地面清洁液*1、上置可水洗滤网*1（安装在机器内）、可拆卸软胶主刷（安装在机器内）、主刷罩（安装在机身上）、边刷（安装在机身上）、抗菌震动拖布*1（安装在机身上）,石头APP/米家APP,"【按时间回洗】默认约20分钟回洗一次（回洗间隔可在APP内调整为10~50min）
【按分区回洗】根据房间分区结果，动态调整回洗
【手动回洗】暂停工作任务，长按回充按键回洗拖布
【手动放桩回洗】将机器搬到基座上，按回充按键清洗拖布
【APP首页一键回洗拖布】","【快速洗】适用于较干净的拖布或回洗间隔较短时，目前时长约2分
【日常洗】适用于日常环境，目前时长约2分40秒
【深度洗】适用于拖布较脏或回洗间隔较长时，目前时长约3分10秒",不支持,,,,"【扫拖】开机默认扫拖一体   
【纯扫】①APP地图首页-右下方-清洁模式调节图标里选择仅扫地②取下水箱   
【纯拖】APP地图首页-右下方-清洁模式调节图标里选择仅拖地",自动回充,是,大约在64到72 dB(A),声波振动拖地,,自动洗抹布 充电,"【G10S Auto采用Lidar避障策略】
【减速】LDS扫描时遇到障碍物会引导扫地机减速
【触碰】碰撞缓冲器轻微触碰确认障碍物存在即避让
【清扫】对障碍物进行环绕清扫，不漏扫",,支持,9.7cm,电控水箱,,6个,支持,扫拖自清洁,中国大陆,G10S Auto,,不支持,2年,否,北京石头世纪科技股份有限公司,,,180cm,支持,拖扫吸式,吸口+滚刷式,有,规划式,不支持,24个月
5081970320317,,5081970320317,p10pro,石头扫地机器人P10Pro系列扫吸拖地全自动上下水家用清洗三合一体,扫地机,https://detail.tmall.com/item.htm?id=735820399596&skuId=5081970320317&spm=a21dvs.23580594.0.0.621e3d0dZqtv56,淘宝,石头电器旗舰店,,,,白色,,,,,,,,,,,2023-08-28 00:00:00,热风风干,,,593*420*434mm,,,,,,,,,,,,,,,,,,,,,,,,,,,,,,,,2/3/4h 时长选择（默认3h）,,,,,,,,,,,,,,,,,,,,,扫地机：353*350*102mm,,,,,,,,,,7000Pa,,,,,4L,3.5L,,5200mAh,4H以内,,,,,续航时间为150分钟。单次充满电清扫最大建筑面积是250平方米（支持智能断点续扫）,,,,,,,,,,,,,,,,,,,,,,,,,,,,,"【机身】使用柔软的干布擦拭，其中尘盒及滤网、拖布及边刷主刷可拆卸水洗，晾干再安装使用
【基站】清洗盘可拆卸清洗，水箱可拆卸水洗，尘袋按需更换，基站其他部位使用柔软干部擦拭维护",,,,,,60W,在热水洗布功能下测得的最大功率1320W,90W,,,,roborock/石头,标准版,P10 Pro标准版包装重量约14.6kg，主机重量约3.93kg，主机+基座共约11.8kg；,水箱版：约14.6kg,,220V-240V ～ 50-60Hz,650W,,支持,支持,"主机：【边刷】建议更换周期约3~6个月 【主刷和滤网】建议更换周期约6~12个月 
基站：【一次性尘袋】建议更换周期约65天 【旋转拖布】建议更换周期约1~3个月","您可以按照以下步骤来开启扫地机器人的语音提示功能：
1. 打开扫地机器人的设置界面。
2. 在设置界面中找到语音助手选项。
3. 点击语音提示选项，确保它处于开启/关闭状态。",五档吸力可选：安静（600Pa）、标准（900Pa）、强力（1400Pa）、Max（2500Pa）、Max+（7000Pa仅扫 )，轻松吸入毛发,激光导航,扫地机内置小水箱80ml,地毯模式可选择：精准识别、先扫地毯、不湿地毯、地毯二次清洁,支持,基站载有4L清水箱，3.5L污水箱,无,,350*487*521mm,【基站】清水箱4L，污水箱3.5L，扫地机内置小水箱80ml，湿拖续航满足500㎡建筑面积使用,330ml,基站尘袋2.7L，约65天更换,"标准版：主机*1、基站*1、基站底板*1、拖布*1对、拖布支架*1对、清洗盘*1（安装在基站内）、说明书*1、开箱卡片*1、电源线*1；赠送配件：一次性尘袋*1和石头地面清洁液*1（200ml）
",石头APP,"可以根据需求自主选择
【按时间回洗】默认15分钟回洗一次（回洗间隔可在APP内调整为10~25min，5分钟一个档）
【按分区回洗】地图分区基础上，清洁完一个区域回洗一次拖布
【一键回洗拖布】在地图首页-点击基座按钮，选择洗布即可一键洗布","【节水洗】适合较干净的环境，清洗时间短，节省水量；2分3秒（约2分钟）125~150ml
【日常洗】适合日常环境，清洗速度和效率最为均衡；2分42秒（约2分40秒）175-200ml
【深度洗】适合偶尔的深度清洁，清洗水量大，时间较长；3分14秒（约3分10秒）225-250ml
【智能洗】对应智能复洗，根据拖布清洁的污水进行检测，判断脏污程度，自动调节洗布水量及时长","常温（APP切换）水温即自来水温度；
温热（APP切换）水温约50℃；
热水（默认档位且开启）出水口水温约60℃",智能、快速、日常、超强模式可以选择，也可手动集尘,,约45℃烘干拖布,"【扫拖】开机默认扫拖一体
【纯扫】APP选择仅扫地（内置小水箱不可拆）/拆除拖布支架
【纯拖】APP选择仅拖地，主刷会抬升，达到仅拖地效果   ",自动回充,是,54-77dB(A),旋转拖地,0-500㎡,"自动洗抹布, 自动集尘, 充电, 洗抹布集尘二合一","AI动态避障
识别能力升级，可进行识别20类62种物体类型
结构光测距、RGB识别、白色补光灯、绕障碍物边刷慢转、少碰撞模式更新三档可选",RR mason10.0,不支持,10.2cm,电控水箱,支持,5个,支持,扫拖自清洁,中国大陆,P10 Pro,"APP控制, 区域清扫, 地毯识别, 定点清扫, 延边清扫, 断电续扫, 自动清扫, 预约, 烘干, 拖地式, 消毒, 防毛发缠绕, 除菌, 地毯清扫方案",支持,2年,否,北京石头世纪科技股份有限公司,1100转/分,有,180cm,需自行购买,拖扫吸式,吸口+滚刷式,有,规划式,支持,24个月
